date,high_temp,low_temp,weather_am,weather_pm
2013/1/1,9.6,3,晴,快晴
2013/1/2,14.4,4.2,快晴,快晴
2013/1/3,9.9,1.8,曇時々晴,晴
2013/1/4,6.9,1,快晴,晴
2013/1/5,4.8,0.2,曇,薄曇後晴
2013/1/6,10.3,-1.4,薄曇一時晴,薄曇後晴
2013/1/7,8.9,2.1,晴時々曇,晴時々曇
2013/1/8,11.4,2.6,晴,晴後曇
2013/1/9,9.4,4.4,晴時々曇,曇一時晴
2013/1/10,9.1,2.9,晴,晴
2013/1/11,8.9,2.6,快晴,晴後一時曇
2013/1/12,8.8,1.2,晴一時曇,快晴
2013/1/13,13.5,1.1,晴時々薄曇,曇後時々雨
2013/1/14,10,0.7,雪一時雨,晴一時雪
2013/1/15,7.2,0.8,晴後一時薄曇,曇
2013/1/16,6,1.8,曇後晴,晴
2013/1/17,8.3,-0.2,晴時々薄曇,曇後晴
2013/1/18,6.2,0.3,快晴,快晴
2013/1/19,9.8,-0.3,快晴,快晴
2013/1/20,10.4,1.8,快晴,薄曇時々晴
2013/1/21,9.4,2.7,薄曇,曇一時雨
2013/1/22,9.3,3.5,雨後晴,晴
2013/1/23,9.5,3.9,曇,雨時々曇
2013/1/24,9.8,2.5,曇時々晴,晴
2013/1/25,13.4,2.8,晴後一時曇,晴
2013/1/26,7.4,0.9,晴一時曇,快晴
2013/1/27,9.4,0.8,快晴,曇時々晴一時雪
2013/1/28,10.5,1.4,晴一時雪,快晴
2013/1/29,12.4,2.1,快晴,晴
2013/1/30,13.6,3.9,快晴,快晴
2013/1/31,9.6,2.1,晴一時薄曇,快晴
2013/2/1,12.6,2.3,晴後曇,曇一時雨
2013/2/2,20.9,12,曇一時雨,晴一時曇
2013/2/3,13.2,6.7,晴,曇
2013/2/4,14.8,6.3,晴時々曇一時雨,晴
2013/2/5,12.4,6.1,曇時々晴,曇後雨一時みぞれ
2013/2/6,9,1.6,みぞれ時々雪後雨,曇後一時雨
2013/2/7,12.7,3.2,薄曇時々晴,薄曇後一時晴
2013/2/8,7.1,1.9,曇後晴,晴後曇
2013/2/9,8.4,1.4,薄曇,曇時々晴
2013/2/10,10.4,1.3,晴,快晴
2013/2/11,9.3,2.2,晴,晴
2013/2/12,6.9,0.9,曇後一時雨,曇後みぞれ、あられを伴う
2013/2/13,12.3,1.1,晴一時曇,晴時々曇
2013/2/14,9.9,5,曇後時々晴,曇
2013/2/15,8.3,3.5,曇後雨,晴一時雨
2013/2/16,6,0.4,快晴,快晴
2013/2/17,8,0.3,晴時々薄曇,薄曇時々晴
2013/2/18,8.9,1.8,雨時々曇,曇一時雨
2013/2/19,8.9,2.7,雪時々曇,曇
2013/2/20,8.9,1.6,曇後晴,晴
2013/2/21,9,0.9,晴,晴
2013/2/22,8.7,1.3,薄曇時々晴,快晴
2013/2/23,10.1,3.2,晴,晴一時曇
2013/2/24,8.1,0.1,快晴,快晴
2013/2/25,8.5,-0.5,快晴,快晴
2013/2/26,9,1.3,快晴,曇後雨
2013/2/27,9.1,2.6,雨後曇一時晴,晴後曇
2013/2/28,15.7,4.1,曇後晴,晴後曇
2013/3/1,17.6,7.9,曇,曇一時雨
2013/3/2,12,4.8,晴,快晴
2013/3/3,9.7,3.7,曇一時晴,曇
2013/3/4,9.4,4.2,曇後時々晴,雨時々曇後晴
2013/3/5,13.7,3.2,快晴,晴一時曇
2013/3/6,16.4,4.5,快晴,快晴
2013/3/7,18.7,7.1,曇時々晴,薄曇後晴
2013/3/8,23.2,10.8,晴後薄曇,晴
2013/3/9,22.3,11.6,快晴,晴後一時薄曇
2013/3/10,25.3,5.7,曇一時晴,快晴
2013/3/11,12.4,3.8,快晴,晴一時曇
2013/3/12,15.7,4,快晴,晴
2013/3/13,21.2,13.1,薄曇後一時晴,雨
2013/3/14,14.3,5.9,曇一時雨後晴、あられを伴う,曇一時晴
2013/3/15,13.8,4.6,晴,晴
2013/3/16,17.8,7.1,晴,快晴
2013/3/17,16.5,8.5,晴後一時薄曇,薄曇
2013/3/18,20.7,14.5,曇一時晴,曇時々雨
2013/3/19,25,15.5,晴,曇
2013/3/20,20.8,15.1,曇一時晴,晴一時雨
2013/3/21,16.2,7.7,快晴,晴後曇一時雨
2013/3/22,18.6,7.2,晴時々曇,曇一時雨後晴
2013/3/23,17.7,11.4,薄曇時々晴,曇一時雨
2013/3/24,13.3,9.2,曇,曇後一時雨
2013/3/25,11.2,6.7,雨後時々曇,雨後曇
2013/3/26,13.2,5.5,曇時々晴,曇後一時雨
2013/3/27,10.1,6.4,雨後曇,曇
2013/3/28,20.5,9.6,曇,曇一時晴
2013/3/29,20.5,12.3,曇,曇
2013/3/30,12.6,7.6,曇,曇後雨
2013/3/31,8.3,6.7,雨後曇,霧雨後曇時々晴
2013/4/1,15.2,6.9,曇一時晴,曇後雨
2013/4/2,12.6,8.3,雨,大雨
2013/4/3,16.6,11.3,大雨後曇,快晴
2013/4/4,21.4,10.8,晴後時々曇,薄曇後一時晴
2013/4/5,22.5,13.5,晴一時曇,薄曇時々晴
2013/4/6,20.7,15.3,曇時々雨,大雨後曇、雷を伴う
2013/4/7,23.1,11.9,晴,快晴
2013/4/8,20.2,10.5,快晴,晴後一時薄曇
2013/4/9,21.7,10.7,晴時々薄曇,晴
2013/4/10,17.9,8,曇,曇時々雨一時晴
2013/4/11,13.6,6,晴後一時雨,晴
2013/4/12,15.7,6.5,晴,晴一時曇
2013/4/13,16.2,7.4,快晴,晴後一時薄曇
2013/4/14,20.6,10,薄曇,曇時々晴
2013/4/15,22.6,12.7,晴,快晴
2013/4/16,21.4,11.4,晴時々薄曇,薄曇
2013/4/17,23.3,16.4,曇,晴
2013/4/18,23.4,16.2,晴,晴後時々曇
2013/4/19,19.9,10.2,曇,曇
2013/4/20,11.5,6,曇後雨,雨
2013/4/21,10.2,5.3,雨後曇,曇後晴
2013/4/22,17.3,6.8,晴後一時曇,曇後晴
2013/4/23,18.7,7.9,薄曇一時晴,曇
2013/4/24,18,15.5,雨,雨後曇
2013/4/25,22.8,13.4,曇,薄曇
2013/4/26,22.6,12.3,晴時々曇,晴時々曇
2013/4/27,21.2,11.2,晴,快晴
2013/4/28,20.5,12.8,快晴,晴後一時薄曇
2013/4/29,21.7,12.1,薄曇一時晴,薄曇
2013/4/30,21.9,15.9,曇一時雨,曇後雨
2013/5/1,18.7,12,曇時々晴後一時雨,雨時々曇
2013/5/2,19.7,10.6,晴時々曇一時雨,曇時々晴
2013/5/3,19.1,11.1,晴,晴
2013/5/4,20.3,11.3,晴後一時曇,晴
2013/5/5,22.9,14.1,快晴,晴一時薄曇
2013/5/6,25.3,14.5,晴後一時雨、雷を伴う,快晴
2013/5/7,20.4,10.7,晴,快晴
2013/5/8,23.7,10.5,快晴,快晴
2013/5/9,24.8,14.4,快晴,快晴
2013/5/10,28.5,16.2,薄曇,雨後曇
2013/5/11,20.8,17.3,雨一時曇,雨一時霧雨
2013/5/12,25.3,16.4,晴時々薄曇,晴後曇
2013/5/13,23.7,15.8,曇一時晴,晴時々曇
2013/5/14,27.8,17.7,晴後一時薄曇,晴後曇
2013/5/15,25.5,16.9,晴,晴後薄曇
2013/5/16,26.7,15.2,晴時々曇一時雨,雨後晴
2013/5/17,23.6,12.9,快晴,晴後一時曇
2013/5/18,24.5,16.1,晴時々曇,薄曇
2013/5/19,23.4,16.8,薄曇,雨
2013/5/20,21,16.8,霧雨一時雨,雨後曇
2013/5/21,26.5,20.2,曇一時晴,曇後晴
2013/5/22,26.6,19,晴,晴時々曇
2013/5/23,26.2,19.9,晴一時曇,晴時々曇
2013/5/24,28.2,15.7,快晴,晴後曇
2013/5/25,22.9,14.2,曇一時晴,曇
2013/5/26,26.6,18.8,曇後晴,晴時々薄曇
2013/5/27,26.1,19.8,薄曇一時晴,曇
2013/5/28,25.4,20.5,曇,曇時々雨
2013/5/29,24.4,20.7,曇時々雨,曇後雨
2013/5/30,22.7,20.2,曇時々雨,曇時々雨
2013/5/31,27.2,18.7,晴時々薄曇,薄曇後晴
2013/6/1,26,16.6,曇一時晴,曇
2013/6/2,23.3,14.7,曇後晴,薄曇
2013/6/3,24.9,14.7,薄曇後晴,快晴
2013/6/4,29.1,18.7,快晴,快晴
2013/6/5,27.7,20,晴時々薄曇,薄曇
2013/6/6,25.3,20.7,薄曇,曇
2013/6/7,25.4,20.5,曇一時雨後晴,曇時々雨
2013/6/8,27.7,18.7,曇一時雨後晴,晴
2013/6/9,29.1,19.3,晴後薄曇,曇
2013/6/10,27.5,21.5,曇,曇
2013/6/11,23,19.8,雨一時曇,雨一時曇
2013/6/12,24.1,19.3,雨後曇,雨
2013/6/13,22.5,20.7,雨,雨一時曇
2013/6/14,27,20.5,曇一時雨,曇時々晴
2013/6/15,29.9,23.1,曇,曇後雨
2013/6/16,25.2,21.2,雨後薄曇,曇後時々霧雨
2013/6/17,29.3,20.7,曇時々晴,曇
2013/6/18,30.2,23.8,薄曇後一時雨,曇後一時雨
2013/6/19,28,23.9,曇,雨一時曇
2013/6/20,24.3,20.8,雨時々曇,曇時々雨
2013/6/21,24,19.7,曇後雨,雨後晴
2013/6/22,26.4,18.7,薄曇一時晴,曇時々晴
2013/6/23,27.9,19.5,曇,雨時々曇
2013/6/24,27.7,19.7,曇一時雨,曇
2013/6/25,26.3,22.5,曇時々雨、雷を伴う,薄曇
2013/6/26,23.7,19.5,雨一時曇,雨後一時曇
2013/6/27,27.5,19,曇後晴,曇時々晴
2013/6/28,25.5,19.3,曇,曇
2013/6/29,28.5,21.2,曇後晴,曇一時晴
2013/6/30,27.8,22,曇,薄曇
2013/7/1,26.1,22.3,曇,晴時々曇
2013/7/2,27.9,22,晴時々薄曇,曇
2013/7/3,27.4,22.3,曇後一時雨,曇時々雨
2013/7/4,27.3,23.2,曇,曇後雨
2013/7/5,28.9,24.2,雨後曇,曇
2013/7/6,33.7,26.8,薄曇時々晴,薄曇一時晴
2013/7/7,35.4,25.8,晴後一時雨、雷を伴う,晴
2013/7/8,35.3,25.7,晴後一時雨、雷を伴う,晴一時雨、雷を伴う
2013/7/9,35.4,25.7,晴,晴
2013/7/10,35.3,26.9,晴後薄曇,薄曇一時晴
2013/7/11,34.5,27.4,薄曇後晴,薄曇時々晴
2013/7/12,34.9,27.8,薄曇,薄曇時々晴
2013/7/13,34.4,27.9,曇,曇
2013/7/14,34.6,24.8,薄曇後一時大雨、雷を伴う,曇
2013/7/15,35.1,22.5,曇一時晴,薄曇
2013/7/16,29.1,21.6,曇後一時晴,曇後一時雨
2013/7/17,29.1,22.1,曇後一時雨,雨時々曇
2013/7/18,31.8,23.8,曇後晴,曇時々雨後晴、雷を伴う
2013/7/19,30.5,21.4,晴後薄曇,曇
2013/7/20,28.3,21.1,曇後一時晴,曇一時晴
2013/7/21,29,21,曇後一時晴,曇
2013/7/22,30.4,23.5,曇,曇一時雨
2013/7/23,35.2,25.2,晴後曇一時雨、雷を伴う,曇一時雨、雷を伴う
2013/7/24,27.1,24.3,曇後雨,曇一時雨
2013/7/25,29.3,24.1,曇,曇
2013/7/26,32.3,25.5,曇,曇後一時晴
2013/7/27,33.1,22.3,晴,雨時々曇後晴、雷を伴う
2013/7/28,31.8,22.9,薄曇一時晴,曇一時晴
2013/7/29,27.3,24.9,雨後一時曇,曇
2013/7/30,31.2,25,曇,曇
2013/7/31,30.7,25.2,曇,曇後一時雨
2013/8/1,32.8,24.2,曇時々雨後一時晴,曇
2013/8/2,29.1,23,曇,曇
2013/8/3,30.8,23.5,曇時々晴,晴後曇
2013/8/4,31.3,25.4,曇,曇時々晴
2013/8/5,32.2,26.9,晴一時曇,晴後曇
2013/8/6,32,25.4,曇時々雨、雷を伴う,晴時々曇
2013/8/7,34.5,26,晴,晴後一時曇
2013/8/8,34.1,27.3,晴後薄曇,薄曇
2013/8/9,34.5,27.7,晴,晴
2013/8/10,37.4,29,晴後薄曇,晴一時曇
2013/8/11,38.3,30.4,晴後一時雨、雷を伴う,曇後晴
2013/8/12,35.8,27.9,晴時々曇、雷を伴う,曇時々雨、雷を伴う
2013/8/13,34.7,26.2,晴時々曇,薄曇
2013/8/14,34.3,27.3,晴一時曇,快晴
2013/8/15,34.9,26.5,晴,薄曇後晴
2013/8/16,33,27.6,晴後一時曇,薄曇一時晴
2013/8/17,32.9,27.3,薄曇,薄曇後晴
2013/8/18,33.3,27.5,晴,晴
2013/8/19,34.2,27.7,晴一時曇,快晴
2013/8/20,33.9,28.1,薄曇時々晴,曇
2013/8/21,33.4,25.4,曇後一時雨、雷を伴う,曇一時雨、雷を伴う
2013/8/22,32.1,25,曇後晴,曇一時晴
2013/8/23,30.9,24.8,曇後一時雨、雷を伴う,曇時々雨
2013/8/24,33.5,24.8,曇一時雨,曇
2013/8/25,28.5,23.1,雨後曇,晴一時曇
2013/8/26,29.6,23.5,曇,大雨時々曇
2013/8/27,30.5,20.3,晴,晴一時曇
2013/8/28,33.2,23.2,晴,晴時々曇
2013/8/29,32.6,25,晴時々曇,薄曇時々晴
2013/8/30,36.8,27.5,薄曇,曇後晴
2013/8/31,35.3,27.8,晴,晴
2013/9/1,35.7,26.3,晴後一時曇,曇時々晴
2013/9/2,33.1,25.8,晴時々曇,晴後一時曇
2013/9/3,33.7,27.3,晴一時曇,晴後雨
2013/9/4,30.8,24.7,曇時々雨後一時晴、雷を伴う,曇時々雨、雷を伴う
2013/9/5,29.4,24.8,曇時々雨、雷を伴う,晴後曇
2013/9/6,28.3,24,曇後一時晴,曇一時晴
2013/9/7,29.1,23.2,曇,曇
2013/9/8,28.9,21.7,曇時々雨、雷を伴う,雨後曇、雷を伴う
2013/9/9,28.7,21.8,曇後晴,晴一時曇
2013/9/10,27.9,21.4,晴後曇,曇時々雨
2013/9/11,27.7,22.2,曇一時雨,曇時々晴
2013/9/12,31.5,23.3,快晴,晴後一時曇
2013/9/13,32,25.5,晴,晴後曇
2013/9/14,32.5,25.8,曇一時晴,曇後雨
2013/9/15,29.4,23.5,大雨後薄曇、雷を伴う,曇後一時雨
2013/9/16,29.3,21.7,雨後曇,快晴
2013/9/17,28.6,19.9,晴,晴
2013/9/18,28.7,19.2,快晴,快晴
2013/9/19,28.8,19.5,快晴,快晴
2013/9/20,29.3,20.2,快晴,晴
2013/9/21,29.9,21.9,晴一時薄曇,晴後曇
2013/9/22,30.1,22.4,晴後薄曇,曇
2013/9/23,24.3,19,曇一時晴,雨時々曇
2013/9/24,26.4,17.6,曇一時雨,曇後大雨
2013/9/25,24.6,21.7,雨一時曇,曇
2013/9/26,24.2,18.1,曇一時雨,晴一時曇
2013/9/27,24.2,16.8,快晴,快晴
2013/9/28,25.3,15.7,晴後曇,曇一時晴
2013/9/29,26.2,19.6,晴,晴後一時曇
2013/9/30,26.2,18.6,晴後曇,曇一時雨
2013/10/1,23.9,19.5,曇時々雨,曇時々雨
2013/10/2,26.4,21,雨後曇一時晴,曇時々晴
2013/10/3,28.8,20.2,晴時々曇,雨一時曇
2013/10/4,20.5,16.8,曇時々雨,雨
2013/10/5,19.3,15.2,雨,雨後一時曇
2013/10/6,24.3,18.8,曇,曇後一時霧雨
2013/10/7,27.1,20.6,曇後晴,晴一時曇
2013/10/8,29.6,22.7,晴後薄曇,薄曇
2013/10/9,28.8,24.4,曇,晴
2013/10/10,28.4,22.5,曇後一時晴,曇後時々雨
2013/10/11,30.2,22,晴一時雨,晴
2013/10/12,31.3,19.8,晴,晴一時曇
2013/10/13,26.3,18.2,快晴,快晴
2013/10/14,25.6,16,晴後曇,曇一時晴
2013/10/15,21.3,16.9,曇後雨,大雨
2013/10/16,26,16.2,曇一時雨後晴,曇
2013/10/17,21,15.2,晴後曇,曇
2013/10/18,20.1,15.2,曇時々晴,曇後一時雨
2013/10/19,18.8,14.4,曇後一時雨,雨時々曇
2013/10/20,16.2,14.1,大雨,雨後晴
2013/10/21,21.7,15.2,曇一時晴,曇
2013/10/22,20.5,16.9,曇,曇
2013/10/23,20.1,16.1,曇,曇
2013/10/24,17.5,15.1,曇時々雨,曇一時雨
2013/10/25,20.4,15.7,曇時々雨,雨
2013/10/26,17.9,13.5,雨後曇,曇後晴
2013/10/27,21.1,12,快晴,晴一時曇
2013/10/28,20.3,12.1,晴,薄曇一時晴
2013/10/29,16,13.2,曇後雨,曇時々雨
2013/10/30,22.1,14.9,晴一時薄曇,晴一時曇
2013/10/31,21.5,13.8,晴後一時曇,晴一時曇
2013/11/1,20.5,14.1,晴,晴時々曇
2013/11/2,17,13.6,曇後雨,曇
2013/11/3,21,15.2,曇,曇時々雨
2013/11/4,18.4,15,曇時々雨,晴
2013/11/5,19.7,13.2,快晴,快晴
2013/11/6,20.7,11,晴一時曇,曇後一時雨
2013/11/7,17.8,12.8,雨後曇一時晴,快晴
2013/11/8,21.5,12.3,晴,晴一時曇
2013/11/9,15.1,11.8,曇,曇一時雨
2013/11/10,21.4,11.9,曇,曇一時晴
2013/11/11,16.8,8.3,曇後晴一時雨,晴後曇
2013/11/12,12.5,7.9,曇後晴,晴
2013/11/13,14.1,6.4,晴後一時曇,晴一時曇
2013/11/14,14.5,6.2,晴後曇,曇
2013/11/15,12.7,10.1,曇時々雨,薄曇後晴
2013/11/16,17.4,8.1,快晴,晴
2013/11/17,19.2,9.3,晴,晴一時曇
2013/11/18,20.1,9.9,晴,晴一時曇
2013/11/19,17.4,8.2,晴,快晴
2013/11/20,17.2,7.4,快晴,快晴
2013/11/21,16.3,7.3,快晴,快晴
2013/11/22,17.6,7.2,晴,晴
2013/11/23,15.7,9.6,快晴,曇時々晴
2013/11/24,17.4,7.1,快晴,晴後曇
2013/11/25,19.4,9.9,曇後一時雨,雨一時曇後晴
2013/11/26,19.1,11.2,晴,晴後一時曇
2013/11/27,16,9.7,曇後晴,曇時々晴
2013/11/28,18,8.7,晴時々曇,晴一時薄曇
2013/11/29,14.1,5.9,快晴,快晴
2013/11/30,14.1,6,晴,快晴
2013/12/1,15,5.1,晴,快晴
2013/12/2,15.3,6.7,快晴,快晴
2013/12/3,16.3,7.3,快晴,晴時々曇
2013/12/4,14.5,8.9,晴時々曇,晴一時曇
2013/12/5,16.3,7.5,快晴,晴後一時薄曇
2013/12/6,17.6,7,薄曇後晴,晴
2013/12/7,14.6,8.8,晴,晴後時々曇
2013/12/8,11.2,6.7,曇時々晴,晴時々曇
2013/12/9,11,4.9,曇,曇
2013/12/10,14.1,5.1,曇一時雨、雷を伴う,快晴
2013/12/11,12.8,7.3,曇時々晴,快晴
2013/12/12,13.2,7.9,晴,晴後一時薄曇
2013/12/13,14.9,4.1,晴,快晴
2013/12/14,11.2,4.6,快晴,快晴
2013/12/15,11.4,2.8,快晴,晴
2013/12/16,11.9,5.4,晴後薄曇,薄曇
2013/12/17,12,7,薄曇,薄曇
2013/12/18,8.8,3.6,曇後雨,雨
2013/12/19,7.6,3.7,雨,雨
2013/12/20,9.4,3.3,雨時々曇一時みぞれ、ひょうを伴う,快晴
2013/12/21,11,2.8,晴,晴
2013/12/22,11.4,5.5,快晴,快晴
2013/12/23,8.4,4.4,曇一時晴,曇後一時晴
2013/12/24,12.5,4.5,晴,快晴
2013/12/25,10.3,3.3,快晴,晴後薄曇
2013/12/26,10,3.4,曇,雨
2013/12/27,9.4,5.1,曇時々雨,晴一時曇
2013/12/28,9.3,2.7,晴,快晴
2013/12/29,9.5,0.5,快晴,快晴
2013/12/30,10.5,0.6,晴後一時薄曇,快晴
2013/12/31,12.7,1.3,快晴,快晴
2014/1/1,15.5,3.1,晴,快晴
2014/1/2,12.1,3.1,快晴,晴時々曇
2014/1/3,8.5,3.8,曇後晴,薄曇
2014/1/4,11.7,2.4,薄曇後一時晴,晴時々曇
2014/1/5,7.3,3.9,曇,曇後晴
2014/1/6,10.5,2.1,快晴,快晴
2014/1/7,9.9,1.9,晴後一時曇,曇後一時晴
2014/1/8,12.8,2.8,曇時々晴一時雨,雨
2014/1/9,11.8,3,曇一時雨,曇一時雪
2014/1/10,6.8,1.4,快晴,快晴
2014/1/11,9,0.7,快晴,晴一時曇
2014/1/12,9.5,1.4,晴時々曇,晴
2014/1/13,8.3,2.4,快晴,晴一時曇
2014/1/14,7.7,1.7,晴一時曇,曇
2014/1/15,4.4,1.8,曇,晴
2014/1/16,9.1,-0.2,快晴,晴後一時曇
2014/1/17,9.5,2.9,晴一時曇,晴後曇
2014/1/18,8.6,2.8,晴時々曇,曇時々晴後一時雪
2014/1/19,7.1,2,快晴,晴時々薄曇
2014/1/20,8.5,0.7,晴一時曇,薄曇後晴
2014/1/21,11.8,1.8,晴後曇,雨時々曇一時みぞれ
2014/1/22,9.6,2.1,晴後一時曇,晴一時曇
2014/1/23,11.1,2.8,快晴,晴後曇
2014/1/24,12.6,2.4,晴後一時曇,晴後一時薄曇
2014/1/25,12.4,3,薄曇,曇後一時雨
2014/1/26,14.5,2.4,晴時々曇一時雨,快晴
2014/1/27,7.5,1.4,快晴,曇後晴
2014/1/28,15,1.1,晴,晴一時曇
2014/1/29,12.8,4.9,快晴,薄曇時々晴
2014/1/30,15.8,5.1,曇時々雨,晴一時曇
2014/1/31,15.9,6.2,快晴,晴後一時曇
2014/2/1,12.3,3.8,晴後一時薄曇,薄曇
2014/2/2,13.3,6.1,曇一時雨,曇時々晴
2014/2/3,17.8,7,薄曇時々晴,曇後一時雨
2014/2/4,11.8,0.9,雨後みぞれ一時雪,晴一時雪
2014/2/5,5.2,-0.5,晴,晴時々曇
2014/2/6,6.2,-0.3,曇,曇
2014/2/7,7.2,1.1,晴時々曇,曇後雪
2014/2/8,4,-0.9,大雪,大雪後時々曇
2014/2/9,9.2,1.1,曇後晴,晴
2014/2/10,8.7,3.3,曇,曇
2014/2/11,4.6,2.1,曇一時雪、あられを伴う,曇一時みぞれ
2014/2/12,8.2,2.8,曇後一時晴,晴
2014/2/13,8.2,2.4,曇,曇後一時雪
2014/2/14,5.4,-0.2,雪,大雪後雨、雷・あられを伴う
2014/2/15,6.9,-0.2,大雨後曇,曇後一時晴
2014/2/16,10,4.5,晴一時曇,快晴
2014/2/17,12.9,3.9,晴,晴後曇
2014/2/18,8.8,2.9,薄曇後晴,曇一時晴
2014/2/19,9,1.5,薄曇一時晴,薄曇
2014/2/20,7.6,1.4,薄曇,曇後晴
2014/2/21,10.3,2.8,快晴,晴後一時曇
2014/2/22,9.5,1.7,晴一時曇,晴後曇
2014/2/23,8.3,2.9,曇後一時晴,曇
2014/2/24,8.8,4,曇後一時晴,曇後晴
2014/2/25,12.9,3.4,快晴,快晴
2014/2/26,14.2,5.7,晴,晴後曇
2014/2/27,13.7,6.8,雨後曇,雨後一時曇
2014/2/28,18.6,8.5,曇時々晴,曇
2014/3/1,12.7,7,雨後曇,雨一時曇
2014/3/2,7.2,4.9,雨一時曇,雨時々曇
2014/3/3,10.9,4.4,曇一時雨後晴,晴時々曇
2014/3/4,10.9,2.3,晴後時々薄曇,雨一時曇
2014/3/5,9.3,4.8,雨,晴一時雨
2014/3/6,9,3,晴,曇一時晴
2014/3/7,9.2,1.8,晴時々曇一時雪,快晴
2014/3/8,10.2,1.9,快晴,曇
2014/3/9,9.9,3.1,曇後晴,晴後一時曇
2014/3/10,8.8,1.4,晴後曇,快晴
2014/3/11,11.1,1.3,快晴,晴
2014/3/12,16.6,3.3,晴後一時薄曇,薄曇時々晴
2014/3/13,18.2,8.5,雨一時曇,曇時々雨一時晴
2014/3/14,13.4,6.7,曇,曇
2014/3/15,12,4.5,晴,快晴
2014/3/16,17.5,4.5,快晴,晴
2014/3/17,16.8,6.6,快晴,晴
2014/3/18,20.3,8.2,晴,晴
2014/3/19,13.5,9.7,曇一時晴,曇後時々雨
2014/3/20,10.4,6.7,雨,曇
2014/3/21,14.5,7,晴後一時曇,快晴
2014/3/22,14,5.1,晴,曇後晴
2014/3/23,16.8,7.2,晴,快晴
2014/3/24,18.5,8.5,快晴,薄曇
2014/3/25,22.3,11.5,快晴,晴後薄曇
2014/3/26,19.4,13.8,曇,曇後一時雨
2014/3/27,15.4,10,雨時々曇,晴
2014/3/28,20.2,8.4,快晴,晴後時々曇
2014/3/29,22.2,13.4,薄曇,曇一時雨
2014/3/30,19.3,14.9,雨一時曇,曇一時雨後晴、雷を伴う
2014/3/31,20.1,12.7,晴時々薄曇,曇後晴
2014/4/1,18.1,10.9,晴時々薄曇,晴後一時薄曇
2014/4/2,19.6,10,薄曇一時晴,雨時々曇
2014/4/3,15.6,12.9,大雨,大雨
2014/4/4,22,11,晴時々曇一時雨、雷を伴う,晴一時曇
2014/4/5,14.9,8.4,晴一時曇,曇時々雨
2014/4/6,13.4,6.4,晴時々曇一時雨、雷を伴う,快晴
2014/4/7,16.5,6.3,晴後一時薄曇,薄曇後晴
2014/4/8,22.3,9.2,快晴,快晴
2014/4/9,20.4,11.3,晴後一時薄曇,晴一時曇
2014/4/10,22.9,10.3,晴,晴
2014/4/11,18.7,7.7,晴,快晴
2014/4/12,20,9.3,晴時々薄曇,晴後一時薄曇
2014/4/13,18.7,9.6,薄曇,曇
2014/4/14,17.6,11.1,晴一時曇,快晴
2014/4/15,20.6,10.3,快晴,晴
2014/4/16,23.3,13.8,薄曇,薄曇後晴
2014/4/17,21.8,13.5,晴後時々薄曇,薄曇後一時雨
2014/4/18,18.2,8.6,雨時々曇,雨後曇
2014/4/19,17.9,8.4,晴後曇,雨時々曇
2014/4/20,14.1,6.9,曇後一時雨,雨一時曇
2014/4/21,17.5,10,雨一時曇,雨後時々曇
2014/4/22,20,12.3,曇一時晴後時々雨,曇時々雨
2014/4/23,21.3,11.9,晴,晴時々曇
2014/4/24,21.7,12.7,晴,快晴
2014/4/25,22.5,12.9,晴後一時薄曇,薄曇後晴
2014/4/26,23.9,14.1,快晴,快晴
2014/4/27,22.7,14.7,晴,晴後一時薄曇
2014/4/28,23.2,14.9,曇,曇
2014/4/29,20.6,15.8,曇後一時雨,雨一時曇
2014/4/30,18.5,14.1,雨,雨時々曇
2014/5/1,24.5,17.7,曇一時雨後晴,曇時々晴
2014/5/2,25.6,17.3,晴,快晴
2014/5/3,25.6,15.9,晴後薄曇,晴一時曇
2014/5/4,23,14.8,晴後一時薄曇,曇一時晴
2014/5/5,20.7,16.7,雨時々曇,曇後一時雨
2014/5/6,18,12.5,曇一時雨,晴時々曇
2014/5/7,21.5,11.2,晴,晴後薄曇
2014/5/8,21.5,16,薄曇,晴時々曇
2014/5/9,26.8,14.4,晴後一時雨、雷・ひょうを伴う,晴
2014/5/10,24.9,13.6,晴,晴一時薄曇
2014/5/11,25.3,17,晴時々薄曇,晴後一時薄曇
2014/5/12,23.3,17.1,薄曇,雨一時曇
2014/5/13,22.7,16.5,雨後曇一時晴,晴
2014/5/14,27.2,17.4,薄曇,曇後雨
2014/5/15,21.9,17.9,曇時々雨後一時晴,曇時々晴一時雨
2014/5/16,25.7,18,晴後一時雨,快晴
2014/5/17,26.2,17,晴,晴一時薄曇
2014/5/18,25.2,16.1,晴一時薄曇,晴時々曇
2014/5/19,25.7,17.4,薄曇,晴
2014/5/20,25.6,18.8,薄曇,曇後雨
2014/5/21,19.5,15.9,大雨,快晴
2014/5/22,22.8,13.5,晴時々雨、雷を伴う,曇一時雨、雷を伴う
2014/5/23,21.7,14.2,薄曇,晴
2014/5/24,25.4,15.4,晴後一時薄曇,薄曇
2014/5/25,27.3,20,薄曇,晴後一時薄曇
2014/5/26,24.6,18.6,薄曇,雨一時曇
2014/5/27,26.5,17.7,曇一時雨,曇
2014/5/28,27.7,19.8,薄曇,薄曇後晴
2014/5/29,27.5,19.3,晴時々薄曇,晴後一時薄曇
2014/5/30,29,20,薄曇後晴,晴
2014/5/31,31.6,20.2,快晴,快晴
2014/6/1,33.1,21,快晴,快晴
2014/6/2,31.4,20.5,晴後薄曇,薄曇
2014/6/3,28.9,20.4,薄曇,薄曇後一時晴
2014/6/4,29.4,22.1,晴時々薄曇,曇
2014/6/5,23.3,18.6,雨時々曇,雨後一時曇
2014/6/6,20.9,19,大雨,大雨
2014/6/7,19.2,17.7,雨,雨
2014/6/8,22.4,17.9,雨後時々曇,曇後晴
2014/6/9,25.6,19.3,曇後時々雨,雨後時々曇、雷を伴う
2014/6/10,27.8,20.4,曇,曇一時雨
2014/6/11,24.4,20.9,雨時々曇,雨
2014/6/12,23.7,20.7,雨後時々曇,晴
2014/6/13,30.3,20.1,晴後一時雨、雷を伴う,晴一時雨
2014/6/14,29.4,20.1,晴後一時薄曇,晴時々曇
2014/6/15,29.6,20.1,晴,晴時々曇
2014/6/16,29.8,21.7,薄曇時々晴,薄曇
2014/6/17,27.8,21.7,薄曇,曇
2014/6/18,25.1,21.7,曇時々雨,曇後晴
2014/6/19,28.5,21.4,晴,曇時々晴
2014/6/20,27.9,22,薄曇時々晴,曇一時雨
2014/6/21,27.7,22.6,曇,曇後雨
2014/6/22,23.6,21.3,雨後曇,曇
2014/6/23,27.8,21.3,曇,曇
2014/6/24,26.6,20.9,曇時々雨、雷を伴う,曇時々晴後一時雨
2014/6/25,26.2,20.6,曇時々雨、雷を伴う,曇
2014/6/26,28.2,20.3,曇,薄曇時々晴
2014/6/27,26.2,22.2,曇時々雨,曇時々雨
2014/6/28,24.8,21.5,雨時々曇,雨一時曇
2014/6/29,28.9,21,曇時々雨後一時晴、雷を伴う,曇一時雨、雷を伴う
2014/6/30,27.3,20.7,曇,曇後一時雨
2014/7/1,29.6,21,曇後晴,晴一時曇
2014/7/2,30.3,22.2,晴時々曇,曇
2014/7/3,27.5,21.8,曇後一時雨,雨
2014/7/4,23.4,20.6,雨時々曇,雨時々曇
2014/7/5,24.3,20.1,曇時々雨,晴時々薄曇
2014/7/6,28.5,20.6,薄曇,薄曇後雨
2014/7/7,24.9,21.6,雨時々曇,晴時々曇
2014/7/8,31.5,21.6,晴,曇後時々雨
2014/7/9,25.7,23.3,曇時々雨,曇時々雨
2014/7/10,29.7,23.5,曇後一時雨,雨時々曇
2014/7/11,34.2,24.1,曇時々晴,曇時々雨
2014/7/12,32.8,26.5,晴後一時薄曇,曇一時晴
2014/7/13,28,25.6,曇,曇
2014/7/14,32.9,25.4,曇一時雨後晴,曇一時雨
2014/7/15,32.5,24.7,晴一時曇,晴
2014/7/16,32.3,24.7,晴,薄曇後一時雨
2014/7/17,31.8,24.4,曇一時晴,曇時々雨一時霧雨
2014/7/18,27.5,22.6,曇,曇一時雨、雷を伴う
2014/7/19,26.4,22.1,曇時々雨,曇一時雨
2014/7/20,29.9,21.8,曇後一時大雨、雷を伴う,曇一時雨、雷を伴う
2014/7/21,28.8,22.6,曇後時々晴,曇時々晴
2014/7/22,31.2,24.7,薄曇一時晴,曇一時晴
2014/7/23,33.1,25.6,薄曇,曇後一時晴
2014/7/24,34.6,26.2,曇後一時雨,晴時々曇一時雨、雷を伴う
2014/7/25,35.6,26.4,晴,快晴
2014/7/26,34.6,27.9,晴,快晴
2014/7/27,34.5,27.1,晴後一時雨、雷を伴う,晴時々曇一時雨
2014/7/28,30.7,25.9,晴一時曇,快晴
2014/7/29,31.8,24.1,晴,晴
2014/7/30,31.8,25,晴,晴
2014/7/31,33.9,26.1,晴,晴時々薄曇
2014/8/1,33.5,26.6,薄曇時々晴,曇一時雨後時々晴、雷を伴う
2014/8/2,35.3,27,晴,快晴
2014/8/3,35.5,27.9,晴後時々薄曇,薄曇時々晴
2014/8/4,34.7,27.8,薄曇,晴一時曇
2014/8/5,36.1,28,快晴,快晴
2014/8/6,35.7,27.9,快晴,快晴
2014/8/7,34.2,27.6,晴,曇時々晴
2014/8/8,31.7,26.6,曇時々雨,曇
2014/8/9,27.8,22.8,曇時々雨,曇時々雨
2014/8/10,29.4,22.2,曇時々雨,曇一時雨
2014/8/11,32.9,27.3,晴後一時曇,曇時々晴
2014/8/12,29.6,21.7,曇後雨,曇一時雨
2014/8/13,31.5,21.9,曇一時晴,曇一時雨
2014/8/14,30.1,25.8,曇後雨,晴時々曇一時雨
2014/8/15,33.6,25.6,薄曇,晴時々薄曇
2014/8/16,31.2,23.2,曇時々雨,曇
2014/8/17,30.8,22.3,曇,曇時々晴
2014/8/18,33.6,26,曇後晴,晴
2014/8/19,34.7,26.5,晴,快晴
2014/8/20,34.5,27.8,晴,薄曇
2014/8/21,34.1,27.5,晴時々曇,快晴
2014/8/22,34.6,27.6,晴,晴時々曇
2014/8/23,30.3,25.8,曇一時雨,曇
2014/8/24,32.1,25.3,薄曇,曇時々雨
2014/8/25,29.3,24.8,曇時々雨,曇後一時雨
2014/8/26,26.9,23.2,雨時々曇,雨時々曇
2014/8/27,23.4,19.9,雨後時々曇,雨
2014/8/28,23,19.6,雨後一時曇,雨後一時曇
2014/8/29,26.2,20.8,曇時々雨,曇後雨
2014/8/30,26.1,19.9,曇一時雨,晴時々曇
2014/8/31,25.7,21.3,曇後一時晴,曇後一時雨
2014/9/1,23.8,20.1,雨一時曇,雨時々曇後一時晴
2014/9/2,29.8,20,晴後一時曇,曇時々晴
2014/9/3,27.3,22,曇,曇一時晴
2014/9/4,27.7,22,曇,曇時々晴
2014/9/5,31.6,24.2,曇時々晴,曇
2014/9/6,31.1,24.1,曇一時晴,雨時々曇、雷を伴う
2014/9/7,24.4,19.4,雨後曇,曇時々晴
2014/9/8,24.4,19.6,曇時々雨,雨時々曇
2014/9/9,28.1,20.1,晴時々曇,曇時々晴
2014/9/10,26.9,19.8,曇後一時大雨、雷を伴う,曇一時雨、雷を伴う
2014/9/11,23.2,19.9,雨時々曇,曇後一時晴
2014/9/12,27.5,19.4,晴後一時曇,曇
2014/9/13,27.3,20.3,曇後一時雨後晴,晴時々曇
2014/9/14,28.7,19.7,晴,晴後曇
2014/9/15,26,21.5,曇,曇
2014/9/16,29.5,21.5,晴時々曇,晴後曇
2014/9/17,26.1,20.9,曇,曇一時雨
2014/9/18,25.9,19.9,曇,曇一時晴
2014/9/19,25.6,18.4,薄曇,曇後一時雨
2014/9/20,22.3,19.4,曇時々雨,晴一時曇
2014/9/21,26.7,16.4,晴一時薄曇,薄曇
2014/9/22,27.2,19.4,晴時々曇,曇一時雨後晴
2014/9/23,26.4,17.7,晴時々薄曇,薄曇後一時晴
2014/9/24,25.9,19.4,曇後一時雨,雨時々曇
2014/9/25,28.5,22.1,雨後時々曇,曇時々雨
2014/9/26,28.1,19.8,晴,晴時々曇
2014/9/27,23.5,17.4,曇時々晴,曇時々晴
2014/9/28,27,17.6,晴,快晴
2014/9/29,28.3,20.2,快晴,晴後時々曇
2014/9/30,29.1,20.8,晴,曇
2014/10/1,24.6,19.6,雨時々曇,曇
2014/10/2,24.7,19.5,曇後一時雨,曇一時雨
2014/10/3,29.8,22.5,晴,曇一時晴
2014/10/4,25.7,22.4,曇,曇後雨
2014/10/5,22.4,15.2,大雨,大雨、雷を伴う
2014/10/6,28.4,16.1,大雨後晴,曇
2014/10/7,24,17.7,晴時々曇,曇後時々晴
2014/10/8,24.4,16.8,晴時々曇,曇一時晴後時々雨
2014/10/9,24,18,曇,晴一時曇
2014/10/10,26.3,17.8,薄曇,曇
2014/10/11,23.5,18.2,薄曇,曇一時晴
2014/10/12,20.6,17,曇,曇
2014/10/13,24,15.7,雨時々曇,大雨後一時曇
2014/10/14,27.1,18.8,晴後一時曇,曇後一時晴
2014/10/15,19.1,13.8,雨一時曇,雨時々曇一時晴
2014/10/16,21.1,13.5,曇時々晴,晴一時曇
2014/10/17,24,15,快晴,晴後一時曇
2014/10/18,21.8,13.4,晴一時曇,晴一時曇
2014/10/19,23,13.5,快晴,晴後曇一時雨
2014/10/20,24.1,15.8,晴後曇一時雨,雨時々曇
2014/10/21,21.4,16.4,雨後曇,曇一時雨
2014/10/22,19.5,13.9,雨,雨
2014/10/23,15.5,12.9,雨時々曇,曇時々雨後一時晴
2014/10/24,20.7,13,晴一時曇,晴
2014/10/25,22.7,12.9,晴,曇時々晴
2014/10/26,23.9,16.3,曇時々晴,曇一時雨
2014/10/27,23,15.1,曇後一時晴,晴
2014/10/28,20.2,13.8,晴,晴
2014/10/29,21.6,13.1,快晴,晴後一時薄曇
2014/10/30,21.8,11.9,晴時々曇,晴後曇
2014/10/31,20.8,15.3,曇一時雨,曇時々雨
2014/11/1,18.6,15.6,雨,雨後時々曇
2014/11/2,22.4,15.4,晴後曇,曇後晴
2014/11/3,21.6,14.1,曇一時晴,晴一時曇
2014/11/4,19.9,12.3,晴,曇
2014/11/5,17.6,11.9,曇,曇
2014/11/6,21.3,14.3,曇後一時雨,曇時々雨後晴
2014/11/7,21.1,14.7,晴,曇後一時晴
2014/11/8,15.4,12.9,曇一時雨,曇
2014/11/9,17.6,12.6,曇一時雨,曇時々雨後晴
2014/11/10,22.2,13.3,晴後曇,曇時々晴
2014/11/11,15.8,13,曇後時々雨,曇後時々雨
2014/11/12,16.3,12.3,曇時々雨後一時晴,快晴
2014/11/13,20.9,11.4,快晴,快晴
2014/11/14,16.8,8.8,快晴,快晴
2014/11/15,17.5,8.4,快晴,快晴
2014/11/16,16.2,9.8,晴時々薄曇,曇一時晴
2014/11/17,15.1,9.2,曇一時晴,曇後晴
2014/11/18,16.8,10.2,晴,晴時々曇
2014/11/19,15.9,9.8,快晴,晴後薄曇
2014/11/20,11.6,6.9,曇後雨,雨一時曇後晴
2014/11/21,16.6,7.8,晴時々曇,薄曇時々晴
2014/11/22,18.7,10.5,快晴,快晴
2014/11/23,19.1,9.8,晴,晴後時々曇
2014/11/24,15.6,10.7,曇後一時晴,薄曇一時晴
2014/11/25,12.6,9.5,雨,雨
2014/11/26,10,8.5,雨,雨時々曇後一時晴
2014/11/27,17,9.3,晴,晴後曇
2014/11/28,16.3,11.4,曇一時晴,曇時々晴
2014/11/29,19.4,11.8,雨時々曇後晴,快晴
2014/11/30,17.5,12.7,曇時々晴,雨時々曇
2014/12/1,14.9,12.6,曇時々雨,晴一時曇
2014/12/2,14.4,5.9,快晴,快晴
2014/12/3,13.6,3,晴,晴後一時薄曇
2014/12/4,13.2,5.9,曇後雨,曇一時雨
2014/12/5,13.4,3.9,晴一時曇,快晴
2014/12/6,9.8,1.7,晴後一時曇,晴時々曇
2014/12/7,10.8,2,晴一時薄曇,曇一時晴
2014/12/8,11.6,3.2,晴,晴
2014/12/9,12.4,2.8,快晴,快晴
2014/12/10,10.8,3.6,薄曇,曇
2014/12/11,16.2,5.3,曇時々雨,曇
2014/12/12,11.1,5.6,曇一時雨,晴一時曇
2014/12/13,12.7,1.9,晴,快晴
2014/12/14,8.9,1.2,晴後一時みぞれ、あられを伴う,晴一時曇、みぞれを伴う
2014/12/15,10.4,0.1,晴後時々薄曇,曇後一時みぞれ
2014/12/16,5.3,1.9,雨一時曇,晴一時雨
2014/12/17,9.1,1.4,晴,快晴
2014/12/18,8.3,-1.3,快晴,快晴
2014/12/19,9.5,0,快晴,曇一時晴
2014/12/20,7.6,3.4,曇後雨,雨時々曇後晴
2014/12/21,12.6,4.2,曇時々晴,曇時々晴
2014/12/22,11.4,3.1,快晴,快晴
2014/12/23,11.2,2.4,晴後一時薄曇,晴時々薄曇
2014/12/24,11.9,1.4,薄曇後晴,快晴
2014/12/25,11.5,3.1,曇時々晴,晴時々曇
2014/12/26,10,0.4,快晴,快晴
2014/12/27,8.7,1.8,快晴,晴
2014/12/28,8,-0.6,晴後薄曇,曇後雨
2014/12/29,6.1,2.5,雨後時々曇,晴一時曇
2014/12/30,12.2,1.8,晴,快晴
2014/12/31,12.9,1.8,快晴,晴一時曇
2015/1/1,8.2,0.7,曇時々晴一時雪,快晴
2015/1/2,7.9,-2.2,晴時々曇,晴一時曇
2015/1/3,8.9,-1.1,快晴,晴後薄曇
2015/1/4,9.3,-0.4,曇後晴,快晴
2015/1/5,12.9,1.3,快晴,曇一時晴
2015/1/6,16,5.8,曇後時々雨,曇時々晴
2015/1/7,10.2,3,晴時々曇,快晴
2015/1/8,11.2,2,快晴,快晴
2015/1/9,11,3.5,快晴,快晴
2015/1/10,11.2,1.9,快晴,快晴
2015/1/11,10.8,0.2,快晴,晴一時曇
2015/1/12,9,2,快晴,快晴
2015/1/13,11.8,2.5,快晴,晴
2015/1/14,11.5,1.2,晴後曇,曇
2015/1/15,8.2,3.4,大雨一時曇,雨後晴
2015/1/16,13.2,4.9,晴後曇,曇後晴
2015/1/17,11.6,1.3,晴,快晴
2015/1/18,10.9,-0.5,快晴,晴時々薄曇
2015/1/19,11.7,-0.7,晴,快晴
2015/1/20,11.2,2.7,快晴,晴後曇
2015/1/21,3.8,1.5,曇時々雪後雨,曇一時雨
2015/1/22,5.6,3.2,雨一時曇,雨
2015/1/23,12.8,3.7,晴一時曇,快晴
2015/1/24,8.1,2.9,曇,快晴
2015/1/25,12.2,0.9,晴後薄曇,曇後一時雨
2015/1/26,12.9,5.6,曇時々晴,雨一時曇
2015/1/27,16.4,5.8,晴時々曇一時雨,曇時々雨後一時みぞれ
2015/1/28,9.7,1.4,晴時々曇一時雪,快晴
2015/1/29,8.2,-0.9,晴後曇,曇後一時雪
2015/1/30,4.7,0.4,雪一時みぞれ後雨,晴時々曇
2015/1/31,10.5,0.8,快晴,快晴
2015/2/1,8.6,0.7,快晴,快晴
2015/2/2,9.6,1,快晴,晴
2015/2/3,10.3,0.4,晴,晴時々曇
2015/2/4,9.6,1.1,晴後時々薄曇,曇
2015/2/5,5.1,1.1,雨時々みぞれ,雨後晴
2015/2/6,12,-0.3,快晴,快晴
2015/2/7,9.6,1.2,曇,雨後曇一時晴
2015/2/8,6.8,2,曇一時雨,晴時々曇
2015/2/9,4.9,-0.6,曇後時々晴,晴
2015/2/10,8.1,-2.4,快晴,快晴
2015/2/11,10.9,0.2,晴,薄曇時々晴
2015/2/12,13,1.2,快晴,晴一時曇
2015/2/13,12.3,1.1,晴後曇,快晴
2015/2/14,10.6,-1.4,快晴,快晴
2015/2/15,11.7,0.3,快晴,晴後一時薄曇
2015/2/16,13.2,1.5,薄曇時々晴,薄曇時々晴
2015/2/17,5.4,1.3,雨時々曇一時雪,雨
2015/2/18,4.3,2.5,雨、みぞれを伴う,曇一時雨後晴
2015/2/19,13,0.9,晴,晴一時曇
2015/2/20,11.9,2.5,晴,快晴
2015/2/21,10.5,2,晴,曇後一時雨
2015/2/22,8,4.4,曇一時雨,雨一時曇
2015/2/23,19.2,6.3,曇一時雨,曇時々晴一時雨
2015/2/24,12.7,7.2,曇,曇
2015/2/25,13.2,7.5,曇,曇
2015/2/26,7.9,5,雨一時曇,雨一時曇後晴
2015/2/27,15.3,3.8,晴,曇一時晴
2015/2/28,12.8,3,晴一時曇,曇後一時雨
2015/3/1,9.8,5.4,曇後雨,雨一時曇後晴
2015/3/2,14.1,5.1,快晴,晴時々曇
2015/3/3,7.7,3.6,曇一時雨,雨一時曇
2015/3/4,17.5,3.2,曇時々晴一時雨,薄曇
2015/3/5,14.3,5.4,晴,曇
2015/3/6,12,4.9,曇,雨一時曇
2015/3/7,8.2,3.9,曇時々雨,曇時々雨
2015/3/8,10.9,5.9,雨後曇,曇
2015/3/9,9.9,8.4,雨一時曇,雨後一時曇
2015/3/10,13.7,1.7,曇時々晴後一時雨、みぞれを伴う,晴
2015/3/11,12.2,-0.4,晴,晴一時曇
2015/3/12,14.8,3.6,晴一時薄曇,快晴
2015/3/13,14.4,1.8,晴,晴
2015/3/14,13.5,4.7,曇一時晴,曇一時晴
2015/3/15,13,4.9,曇後一時晴,曇一時晴
2015/3/16,16,7.3,曇後一時雨,雨後一時晴
2015/3/17,21.2,9.2,晴後一時薄曇,晴時々曇
2015/3/18,21.7,10.7,薄曇,曇後時々雨
2015/3/19,15.9,10.3,曇後雨,曇
2015/3/20,14.9,9.9,曇,曇一時晴
2015/3/21,16,7.2,曇一時雨後時々晴,曇時々晴
2015/3/22,18.7,6.6,晴,晴一時雨
2015/3/23,17,4.7,晴後曇,晴一時曇
2015/3/24,15.1,3.9,晴,晴一時曇
2015/3/25,14.3,2.7,快晴,快晴
2015/3/26,15.8,4.9,快晴,快晴
2015/3/27,20.4,4,快晴,晴
2015/3/28,20.6,7.6,曇後晴,快晴
2015/3/29,21.1,9,曇一時雨,晴一時雨
2015/3/30,23.6,9.4,快晴,快晴
2015/3/31,23.2,9.8,晴,晴後一時薄曇
2015/4/1,18.7,8.8,曇時々雨,雨後曇時々晴
2015/4/2,17.4,6.5,晴,晴時々曇
2015/4/3,20.6,12.1,曇一時雨,曇
2015/4/4,19.1,10,曇一時雨,曇後一時雨
2015/4/5,11.4,8.6,雨時々曇,曇
2015/4/6,22.9,11.2,晴時々曇後一時雨,雨時々曇
2015/4/7,13,6.9,雨,雨
2015/4/8,7.6,2.4,雨一時みぞれ,曇
2015/4/9,13.2,3.2,曇時々晴,晴後薄曇
2015/4/10,12.1,5.3,曇後一時雨,雨
2015/4/11,16.2,8.4,雨後曇,曇時々晴一時雨
2015/4/12,18,8.4,薄曇一時晴,曇
2015/4/13,11.3,8.5,雨一時曇,雨後時々曇
2015/4/14,14.1,9.3,雨一時曇,雨後一時晴
2015/4/15,21.4,10.5,晴時々曇,晴一時曇、雷を伴う
2015/4/16,21.5,8.8,晴後薄曇,薄曇一時晴
2015/4/17,24.9,9.3,晴時々曇一時雨,曇一時雨後晴
2015/4/18,19.7,6.8,薄曇一時晴,薄曇一時晴
2015/4/19,17.2,10.4,曇後一時雨,曇
2015/4/20,20.7,13.6,雨時々曇,雨後曇
2015/4/21,20.5,13.9,曇,曇後一時晴
2015/4/22,21.4,11.2,晴後曇一時雨,雨後晴一時曇
2015/4/23,24.8,11.9,晴,薄曇
2015/4/24,23.9,14,薄曇,薄曇
2015/4/25,22.9,12.6,晴時々曇,晴時々曇
2015/4/26,23.8,12.4,晴,快晴
2015/4/27,25,13.3,快晴,快晴
2015/4/28,27.2,14.6,晴時々薄曇,薄曇
2015/4/29,24.3,15,薄曇後時々晴,晴後一時曇
2015/4/30,24,14.7,曇時々晴,快晴
2015/5/1,27.5,14.5,晴,快晴
2015/5/2,27.6,15.2,快晴,晴後曇
2015/5/3,27,17.2,薄曇時々晴,薄曇後一時雨
2015/5/4,26.6,18.5,晴一時曇,曇一時晴
2015/5/5,22.4,13.1,曇後晴,快晴
2015/5/6,24.7,11.6,晴後薄曇,薄曇
2015/5/7,24.7,15.7,曇一時雨後晴,晴後曇
2015/5/8,26.8,15.8,晴一時曇,薄曇一時晴
2015/5/9,21.3,16.3,曇一時雨,曇一時雨
2015/5/10,27,13.8,晴後時々曇,晴一時曇
2015/5/11,23.5,12.1,晴後薄曇,薄曇後時々雨
2015/5/12,22.7,15.9,曇後一時雨,大雨後晴一時薄曇
2015/5/13,28.4,17.4,晴,晴
2015/5/14,28.6,16.9,晴後薄曇,薄曇後晴
2015/5/15,27.8,18.9,晴後曇,薄曇後一時雨
2015/5/16,23.7,19.5,曇一時雨,曇
2015/5/17,27.8,18.9,薄曇,薄曇
2015/5/18,26.2,17.5,曇,雨時々曇
2015/5/19,24.2,16.6,曇一時雨,曇
2015/5/20,27.3,18.3,晴時々薄曇,曇時々雨、雷を伴う
2015/5/21,25.7,13.4,晴,晴後時々薄曇
2015/5/22,26,15,薄曇,晴
2015/5/23,27.1,16.1,薄曇一時晴,曇
2015/5/24,26,17.3,曇後一時晴,薄曇時々晴
2015/5/25,26.1,16.6,曇一時晴,曇後晴
2015/5/26,30.9,16.9,晴,快晴
2015/5/27,30.2,18.7,晴後一時薄曇,曇一時晴
2015/5/28,26.8,18.4,曇後一時晴,曇
2015/5/29,22.8,18.3,曇後時々雨,曇時々雨後一時晴
2015/5/30,29.6,18.4,晴後時々薄曇,曇
2015/5/31,32.2,20.6,晴後一時薄曇,曇
2015/6/1,27.7,20.8,晴後薄曇,薄曇時々晴
2015/6/2,28.7,19.7,曇時々晴,曇後一時雨
2015/6/3,22.9,20.1,雨一時曇,曇時々晴
2015/6/4,29.1,18.6,薄曇後晴,晴後薄曇
2015/6/5,22.5,14.2,曇後時々雨,大雨
2015/6/6,24.6,13.4,曇時々雨一時晴,曇一時晴
2015/6/7,25.5,16.1,晴後薄曇,薄曇時々晴
2015/6/8,25.3,17.2,薄曇,雨一時曇
2015/6/9,21.9,17.3,曇時々雨,曇後一時晴
2015/6/10,27.8,17.5,薄曇,薄曇
2015/6/11,27.5,18.9,薄曇,曇後雨
2015/6/12,25,18.9,雨後曇,曇時々雨
2015/6/13,29,20.8,曇一時晴,曇後時々雨
2015/6/14,26.8,20.5,曇一時雨,曇後一時晴
2015/6/15,30.8,19.5,薄曇一時晴,薄曇
2015/6/16,27.2,20,曇,曇一時大雨
2015/6/17,24.8,19.8,曇一時雨,曇一時雨
2015/6/18,26.1,19.8,曇後一時雨,曇後雨
2015/6/19,20.8,17.6,雨,曇時々雨後一時晴
2015/6/20,26.9,17.2,薄曇一時晴,曇
2015/6/21,22.8,18.2,雨時々曇,晴後曇一時雨
2015/6/22,26.8,18.5,曇,薄曇
2015/6/23,28.8,18.4,晴時々曇,雨一時曇後晴、雷を伴う
2015/6/24,29.9,18,晴,薄曇時々晴
2015/6/25,28.7,20.6,晴一時曇,晴時々薄曇
2015/6/26,25.6,20.6,曇後雨,雨
2015/6/27,25.5,20.6,雨後曇,曇後一時晴
2015/6/28,31.4,18.4,晴後曇,曇
2015/6/29,26.3,18,晴一時曇,曇時々晴
2015/6/30,26.7,19.8,曇,雨一時曇
2015/7/1,22.4,19.2,雨後一時曇,曇
2015/7/2,25,20.1,曇一時雨,曇後時々雨
2015/7/3,23.4,20.8,大雨後一時曇,雨後一時曇
2015/7/4,25.9,20.8,雨時々曇,雨
2015/7/5,21.9,19.1,雨時々曇,曇時々雨
2015/7/6,21.1,18.9,雨,曇一時雨
2015/7/7,24.3,18.7,雨時々曇,曇一時雨
2015/7/8,26.6,19.2,曇後雨,雨
2015/7/9,20.4,18.6,雨一時曇,曇時々雨
2015/7/10,28.9,17.6,晴一時曇,晴
2015/7/11,31.3,21.1,晴一時曇,晴一時薄曇
2015/7/12,32,22.4,晴時々薄曇,薄曇時々晴
2015/7/13,34.2,24.1,薄曇,薄曇後晴
2015/7/14,34.3,26.7,快晴,晴
2015/7/15,33.2,24.2,晴,大雨時々曇
2015/7/16,28.9,23.6,曇時々雨,曇一時雨
2015/7/17,30.4,22.8,曇一時雨,薄曇時々晴
2015/7/18,29.9,25.6,曇後雨,曇時々晴一時雨
2015/7/19,34.8,25,晴後曇,曇一時晴
2015/7/20,33.5,25.8,晴時々曇,晴一時曇
2015/7/21,34.9,25.4,晴,快晴
2015/7/22,32.8,25.4,晴一時薄曇,雨時々曇
2015/7/23,30.4,24.7,曇時々雨,曇
2015/7/24,33.9,25,曇後一時雨、雷を伴う,晴一時曇
2015/7/25,33.1,24.7,薄曇後一時晴,晴
2015/7/26,35.8,26,薄曇時々晴,晴
2015/7/27,35,25.6,晴,晴後曇
2015/7/28,34.1,27.1,曇後晴,曇時々晴
2015/7/29,32.5,27.1,曇時々晴,曇後一時晴
2015/7/30,34.3,26.5,曇後一時雨、雷を伴う,晴一時曇
2015/7/31,35,25.9,晴,快晴
2015/8/1,35.3,26.6,晴,晴一時曇
2015/8/2,35.1,26.3,晴,曇時々晴
2015/8/3,35,26.1,晴,晴
2015/8/4,35.1,26.5,晴,晴
2015/8/5,35.2,25.7,快晴,快晴
2015/8/6,35.9,26.8,晴,晴後一時薄曇
2015/8/7,37.7,26.8,晴後時々薄曇,曇時々晴
2015/8/8,32.6,24.9,曇時々晴,曇一時晴
2015/8/9,33.4,24.7,晴一時曇,晴後曇
2015/8/10,31.9,25.5,曇一時雨、雷を伴う,曇時々晴
2015/8/11,35.5,25.3,曇後時々晴,曇
2015/8/12,33.7,26.3,曇一時晴,曇後一時雨
2015/8/13,30.5,25.3,曇一時雨,曇後一時雨
2015/8/14,31.8,24,曇一時晴,曇時々雨
2015/8/15,33.1,24.1,晴一時曇,晴後一時曇
2015/8/16,31.9,24.6,曇時々晴,雨時々曇、雷を伴う
2015/8/17,28,23.6,雨時々曇,曇一時雨
2015/8/18,31.9,26,曇,曇
2015/8/19,31.4,25.7,曇,曇後一時雨
2015/8/20,27,24,雨後時々曇,曇一時雨
2015/8/21,29.4,24.5,曇後一時雨,曇
2015/8/22,32.7,24.7,曇後晴,曇時々晴
2015/8/23,31.4,24,曇一時晴,曇一時晴
2015/8/24,29.3,21.6,曇,曇
2015/8/25,22.9,18.2,曇後一時雨,雨一時曇
2015/8/26,21.3,17.9,雨,曇時々雨後一時晴
2015/8/27,27.3,20.2,曇,曇後一時雨
2015/8/28,22.9,19.9,曇時々雨,雨一時曇
2015/8/29,21,19.1,雨後一時曇,曇時々雨
2015/8/30,22.5,20.3,雨時々曇,雨時々曇
2015/8/31,24.1,20.6,曇一時雨,雨時々曇
2015/9/1,26.5,21.4,雨後曇、雷を伴う,曇時々雨
2015/9/2,31.5,24.5,曇時々雨後晴,晴後曇
2015/9/3,30.4,22.9,曇後一時雨,雨時々曇
2015/9/4,30.1,22.3,曇後一時雨、雷を伴う,曇一時晴
2015/9/5,29.3,22.9,曇一時晴,曇
2015/9/6,27.5,22.4,曇後時々雨,大雨後一時曇
2015/9/7,26.1,20.7,雨時々曇,雨
2015/9/8,21,18.8,大雨,大雨
2015/9/9,25.3,18.7,大雨、雷を伴う,大雨、雷を伴う
2015/9/10,23.5,19.8,雨一時曇,曇一時雨
2015/9/11,29.3,19.7,晴一時曇,晴一時雨
2015/9/12,29.5,20.5,晴一時曇,晴
2015/9/13,27.5,21.7,曇一時晴,晴後曇
2015/9/14,27.3,20.5,曇後一時晴,薄曇
2015/9/15,27.5,18.8,薄曇時々晴,薄曇
2015/9/16,25.2,17.8,曇後時々雨,雨
2015/9/17,18.9,16.1,大雨,雨時々曇、雷を伴う
2015/9/18,23.9,18,雨後時々曇、雷を伴う,曇一時雨
2015/9/19,29.3,20.4,晴時々曇,曇一時晴
2015/9/20,28.4,19.8,晴一時曇,晴後時々曇
2015/9/21,27.5,19.5,曇時々晴,晴時々曇
2015/9/22,28.5,19.6,晴,薄曇一時晴
2015/9/23,27.2,18.9,薄曇時々晴,晴時々薄曇
2015/9/24,23,18.2,曇後一時雨,雨一時曇
2015/9/25,19.5,16.1,雨,雨
2015/9/26,24.6,17.5,曇一時雨,曇一時雨
2015/9/27,24.5,19.8,曇一時雨後時々晴,曇時々晴
2015/9/28,27.8,19.3,晴,曇時々晴
2015/9/29,26.6,19.6,曇一時晴,曇時々晴
2015/9/30,25.8,17.3,晴時々薄曇,晴後曇
2015/10/1,23.4,14.8,曇後雨,雨時々曇、雷を伴う
2015/10/2,28.1,18.7,曇時々晴一時雨,晴時々曇
2015/10/3,26.7,18.3,晴,晴
2015/10/4,27.1,17.1,晴時々曇,曇
2015/10/5,20.1,16.4,曇,曇後時々晴
2015/10/6,22.4,13.9,晴,晴
2015/10/7,22.4,13.8,快晴,快晴
2015/10/8,24.6,12.1,快晴,快晴
2015/10/9,25.5,15.3,晴時々薄曇,晴
2015/10/10,20.4,14.6,曇一時晴,雨一時曇
2015/10/11,21,16.4,雨時々曇,曇後一時晴
2015/10/12,23.1,15.4,晴一時曇,晴後一時曇
2015/10/13,24.2,14.2,晴後一時曇,晴後時々曇
2015/10/14,23.2,14.9,晴時々曇,晴時々曇
2015/10/15,23.1,13.7,晴後薄曇,雨時々曇
2015/10/16,17.6,14.9,雨時々曇,雨時々曇
2015/10/17,20.3,15.7,曇一時雨,曇
2015/10/18,23.9,15.8,晴一時曇,快晴
2015/10/19,24.3,14.6,快晴,曇時々晴
2015/10/20,23.9,15.5,薄曇後一時晴,曇
2015/10/21,20.8,15.3,曇後時々晴,晴一時曇
2015/10/22,23.2,13.5,晴後一時曇,曇一時晴
2015/10/23,21.3,15.7,曇,曇時々晴
2015/10/24,23.9,15.2,晴一時曇,快晴
2015/10/25,19.9,13.1,快晴,快晴
2015/10/26,20.4,11.7,晴後一時薄曇,晴一時曇
2015/10/27,24.9,10.3,晴一時薄曇,曇時々晴
2015/10/28,26.1,16.1,晴後一時曇,曇時々雨
2015/10/29,19.1,15.4,曇後時々晴,曇時々晴
2015/10/30,21.6,14,曇時々晴,薄曇
2015/10/31,16.6,11.8,曇後一時晴,晴時々曇
2015/11/1,17.4,9.5,薄曇時々晴,曇時々雨
2015/11/2,15.3,9.6,大雨時々曇,曇時々雨後一時晴
2015/11/3,21.3,12.3,晴,晴一時曇
2015/11/4,20.1,9.6,快晴,快晴
2015/11/5,21.1,10.3,晴,晴
2015/11/6,22.2,10.5,快晴,晴時々曇
2015/11/7,20.9,13,曇一時晴,曇
2015/11/8,17.9,14.2,雨一時曇,雨時々曇
2015/11/9,22.9,14.9,曇一時雨,雨時々曇
2015/11/10,18.2,13.8,雨時々曇,曇時々雨
2015/11/11,18.4,12.5,晴後曇,曇
2015/11/12,17.1,12,曇一時晴,曇
2015/11/13,16.8,10,曇一時晴,曇一時雨
2015/11/14,14,12.2,雨一時曇,雨
2015/11/15,20,13.6,雨一時曇後晴,快晴
2015/11/16,21.2,12.2,晴後曇,曇時々雨
2015/11/17,23.7,15.6,曇一時晴後時々雨,雨後曇時々晴
2015/11/18,20.8,14.4,曇後時々雨,雨後時々曇
2015/11/19,18.6,12,晴一時曇,曇一時晴
2015/11/20,15,11.4,曇一時雨,晴一時曇
2015/11/21,20.8,10.1,晴後曇,曇
2015/11/22,15.2,11.7,曇,曇
2015/11/23,13.2,11,曇一時雨,雨後一時曇
2015/11/24,18.7,11.4,薄曇後晴,晴後曇
2015/11/25,12,5.5,曇時々雨,雨一時曇
2015/11/26,11.5,5.4,雨後曇,曇後晴
2015/11/27,14.7,6.2,快晴,快晴
2015/11/28,15.7,3.9,快晴,快晴
2015/11/29,14.5,6.1,晴後薄曇,曇一時晴
2015/11/30,14.3,6.5,晴時々薄曇,快晴
2015/12/1,16.2,5.6,快晴,晴時々曇
2015/12/2,11.3,8,曇一時雨,曇時々雨
2015/12/3,13.5,8.5,曇時々雨,晴一時曇
2015/12/4,14.2,5.4,快晴,快晴
2015/12/5,16.1,4.4,晴,晴後一時薄曇
2015/12/6,13.1,6.8,曇一時晴,曇後一時晴
2015/12/7,12.6,5.7,晴後一時薄曇,曇時々晴
2015/12/8,11.3,5.7,曇後晴,快晴
2015/12/9,12.7,2.8,晴後一時薄曇,晴後一時薄曇
2015/12/10,12.8,4.7,曇一時晴,雨一時曇
2015/12/11,24.1,6.9,大雨後晴時々曇,曇一時晴
2015/12/12,15.6,10.1,晴一時曇,曇時々晴
2015/12/13,11,9.5,雨後一時曇,曇一時雨
2015/12/14,13.9,10.2,曇,曇
2015/12/15,14.9,9.6,曇時々晴,晴一時曇
2015/12/16,17.4,8,晴後一時曇,曇後一時晴
2015/12/17,13.4,6.2,曇一時晴,晴一時曇
2015/12/18,11.8,3.2,快晴,晴時々曇
2015/12/19,12.1,3.1,快晴,快晴
2015/12/20,11.1,2.1,快晴,曇
2015/12/21,13.3,5.6,曇時々晴,快晴
2015/12/22,15.9,7.3,晴後一時曇,曇時々晴
2015/12/23,8.6,5.5,曇後時々雨,雨一時曇
2015/12/24,15.4,5.5,曇後時々晴,曇後一時晴
2015/12/25,15,7.6,薄曇後晴,曇一時晴
2015/12/26,12.5,5.8,晴一時曇,快晴
2015/12/27,10.5,3.7,晴後曇,晴一時曇
2015/12/28,10.6,2.6,晴,晴
2015/12/29,11.5,1.9,快晴,晴後一時曇
2015/12/30,11,4,晴一時曇,晴時々曇
2015/12/31,11,3.2,晴一時曇,快晴
2016/1/1,12.1,3.6,快晴,晴時々曇
2016/1/2,13.4,2.6,晴時々薄曇,快晴
2016/1/3,16.2,3,晴後時々薄曇,晴一時曇
2016/1/4,15.2,4.4,快晴,快晴
2016/1/5,15.4,5.1,晴後一時曇,曇
2016/1/6,11.3,7.1,曇,曇一時晴
2016/1/7,12.9,4.5,晴時々曇,晴時々曇
2016/1/8,10.9,3.1,晴,快晴
2016/1/9,11.6,2.8,快晴,晴時々曇
2016/1/10,12.9,2.4,快晴,晴
2016/1/11,10.5,3.8,曇一時晴,曇一時雪
2016/1/12,6.1,0.9,雨一時みぞれ後時々曇,晴一時曇
2016/1/13,9.7,-0.9,晴一時薄曇,快晴
2016/1/14,11.4,0.2,快晴,晴
2016/1/15,10.9,2,晴一時曇,曇一時雨後晴
2016/1/16,11.8,1.8,快晴,曇時々晴
2016/1/17,8.6,2.3,曇一時晴,大雨一時曇後みぞれ
2016/1/18,6.2,0.2,大雨後時々晴、みぞれを伴う,晴
2016/1/19,8.6,0.9,快晴,快晴
2016/1/20,9.1,-0.7,晴,快晴
2016/1/21,9.5,1,薄曇時々晴,曇
2016/1/22,10.3,3,晴一時薄曇,曇時々晴
2016/1/23,6.4,2.6,曇後時々雨,曇後時々晴
2016/1/24,9.2,-1.2,快晴,快晴
2016/1/25,8.4,-2.6,快晴,快晴
2016/1/26,9.6,-1.3,晴,快晴
2016/1/27,13.4,-1.1,晴,快晴
2016/1/28,14,2.1,快晴,晴後曇
2016/1/29,7.8,2.6,雨一時曇,雨
2016/1/30,5,1.5,雨後曇、あられを伴う,曇後時々晴
2016/1/31,11.2,1.3,晴一時曇,晴時々薄曇
2016/2/1,6.7,2.6,曇,雨後曇
2016/2/2,10.7,2.6,晴一時曇,晴一時曇
2016/2/3,9.2,1.5,晴後時々曇,晴時々曇
2016/2/4,9.5,1.1,晴時々曇,晴一時薄曇
2016/2/5,13.3,0.6,晴一時薄曇,曇一時晴
2016/2/6,9.9,4.4,曇,曇一時雨、みぞれを伴う
2016/2/7,9.4,1.5,晴,晴時々曇
2016/2/8,9.3,1.3,曇後晴,快晴
2016/2/9,14.7,0.6,晴,快晴
2016/2/10,10.8,1.6,快晴,快晴
2016/2/11,11.5,1.7,快晴,快晴
2016/2/12,11.9,1.5,曇一時晴,曇
2016/2/13,21.8,8.3,曇時々晴,雨時々曇
2016/2/14,23,15.1,雨後晴,曇一時晴
2016/2/15,15.5,3.2,曇後雨,曇一時雨後晴
2016/2/16,10,1.2,晴,快晴
2016/2/17,13.4,1.3,晴後時々曇,快晴
2016/2/18,10.7,1.1,晴時々曇,晴
2016/2/19,16.5,2.4,晴,晴後薄曇
2016/2/20,11.2,6.5,曇後雨,雨後曇
2016/2/21,15.7,6.2,曇一時雨後時々晴,曇一時晴
2016/2/22,9.8,4.9,曇後一時雨,雨時々曇
2016/2/23,10,4.9,曇後一時晴,晴後薄曇
2016/2/24,7.7,2.5,曇,雨後みぞれ一時曇
2016/2/25,8.4,0.4,曇後晴,曇後晴
2016/2/26,11.4,0.1,快晴,快晴
2016/2/27,12.5,2.7,晴,快晴
2016/2/28,15,3.7,晴後時々曇,曇時々雨一時晴
2016/2/29,14.8,4.8,曇時々雨,曇時々雨一時あられ、みぞれを伴う
2016/3/1,10.3,2.1,快晴,晴
2016/3/2,12.4,1.1,晴,快晴
2016/3/3,16.4,2.3,快晴,快晴
2016/3/4,15.9,5.6,晴,曇時々晴
2016/3/5,16.3,7.7,曇,曇
2016/3/6,17.3,9,曇一時雨,雨時々曇
2016/3/7,15.5,12.8,雨後時々曇,曇
2016/3/8,20.8,12.7,晴一時曇,曇時々晴後一時霧雨
2016/3/9,14.9,3.8,雨一時曇,雨後曇
2016/3/10,8.5,3.6,曇,雨時々曇
2016/3/11,6.1,3,雨後時々曇,曇
2016/3/12,8.4,2.9,曇時々晴後一時雨,曇一時雨後時々晴
2016/3/13,9.2,3.9,曇,曇後一時雨
2016/3/14,6.9,3.9,雨,雨後晴一時曇
2016/3/15,14.1,4,快晴,晴
2016/3/16,13.9,2.9,曇,曇一時晴
2016/3/17,20.4,6.4,快晴,晴時々薄曇
2016/3/18,21.4,7.6,晴後薄曇,雨時々曇
2016/3/19,16.7,13.6,雨時々晴一時霧雨,曇一時晴
2016/3/20,19,8.3,晴時々曇,曇一時雨
2016/3/21,13.8,6.9,曇一時雨後晴,曇一時晴
2016/3/22,17.5,5.4,晴一時曇,晴後一時薄曇
2016/3/23,18,7.5,曇時々晴,曇
2016/3/24,9.5,4.1,曇時々雨一時晴,晴一時雨
2016/3/25,14.4,2.5,晴一時曇,曇一時晴
2016/3/26,12.5,5.1,曇後晴,晴時々曇
2016/3/27,16.1,6,晴時々曇,曇時々晴
2016/3/28,16.8,9,曇一時雨後一時晴,晴時々曇、雷を伴う
2016/3/29,18.6,7.4,晴後薄曇,曇後一時晴
2016/3/30,20,9.4,薄曇,薄曇後晴
2016/3/31,20.2,8.9,晴後薄曇,薄曇後晴
2016/4/1,18.4,8.1,曇,雨時々曇
2016/4/2,13.3,7.7,曇一時雨,雨時々曇
2016/4/3,17,9.5,雨後曇,曇後雨
2016/4/4,21.9,9.7,雨後曇,雨時々曇
2016/4/5,12.8,9.1,曇一時雨,曇時々晴
2016/4/6,20.2,7.3,薄曇一時晴,曇
2016/4/7,20.1,11.8,大雨後一時曇,曇時々晴
2016/4/8,22.9,11.5,曇一時晴,曇後一時晴
2016/4/9,23.5,10.9,薄曇,薄曇
2016/4/10,23.9,12.2,薄曇,曇一時晴
2016/4/11,17.1,7.4,曇後一時晴,晴
2016/4/12,15.1,5.1,晴後一時薄曇,曇後一時雨
2016/4/13,19,10.6,雨時々曇,雨一時曇
2016/4/14,17.6,13.1,雨後曇,曇後時々晴
2016/4/15,21.4,11,快晴,晴一時曇
2016/4/16,20.9,10.1,曇,曇時々晴
2016/4/17,23.1,16.6,曇時々雨一時晴,晴一時薄曇
2016/4/18,26.8,13.8,晴後雨時々曇,曇一時雨
2016/4/19,21.9,12,晴,晴時々曇
2016/4/20,19.3,9.8,晴後薄曇,曇一時晴
2016/4/21,20.2,13.3,曇時々雨,雨時々曇一時晴
2016/4/22,23.7,13.2,晴後曇,曇
2016/4/23,22.4,14,曇,雨時々曇
2016/4/24,19.1,12.1,雨後曇,曇
2016/4/25,23.1,13.5,薄曇一時晴,薄曇一時晴
2016/4/26,25.1,14.2,晴一時薄曇,薄曇時々晴
2016/4/27,21.8,15.2,曇,雨一時曇
2016/4/28,15.4,13.3,雨後一時曇,雨後曇一時晴
2016/4/29,21.4,11.4,晴一時曇,快晴
2016/4/30,21.7,10.5,晴,晴
2016/5/1,25,11.9,晴時々曇,曇一時晴
2016/5/2,21.4,13.2,曇,曇
2016/5/3,24.7,17.1,曇,曇後時々雨
2016/5/4,27,18.7,晴一時雨,快晴
2016/5/5,27.4,17.1,快晴,薄曇一時晴
2016/5/6,22.5,15.2,曇後雨,雨後曇
2016/5/7,26.4,15.4,晴時々薄曇,薄曇一時晴
2016/5/8,27,17.2,晴後薄曇,薄曇
2016/5/9,21.8,16.2,曇後雨,雨後一時曇
2016/5/10,22.6,16.1,曇,雨
2016/5/11,27.1,16,曇一時雨,曇後晴
2016/5/12,28,17.5,快晴,晴
2016/5/13,26.5,16.5,晴,薄曇一時晴
2016/5/14,24.8,14.4,薄曇時々晴,薄曇一時晴
2016/5/15,23.7,12.5,薄曇後時々晴,曇一時晴
2016/5/16,23.3,14.2,曇後一時晴,晴後曇時々雨
2016/5/17,20.5,14.9,大雨後一時曇,薄曇時々晴
2016/5/18,27.6,13.1,晴,快晴
2016/5/19,25.1,14.8,晴後薄曇,薄曇
2016/5/20,20.8,14.4,曇,曇後晴
2016/5/21,26.3,12.8,晴後時々曇,曇時々晴一時雨
2016/5/22,29.3,16.9,快晴,晴後一時薄曇
2016/5/23,30.9,15.1,薄曇後時々晴,晴一時薄曇
2016/5/24,29.3,18,薄曇一時晴,薄曇
2016/5/25,24.5,20.5,曇,薄曇一時晴
2016/5/26,27.2,20.3,曇時々晴,曇後雨
2016/5/27,22.4,15.2,雨時々曇,晴後曇
2016/5/28,24.1,15.1,曇,快晴
2016/5/29,27.9,16.1,晴後曇,曇後雨
2016/5/30,21.3,15.4,雨時々曇,曇時々雨
2016/5/31,24.9,16.3,曇,薄曇
2016/6/1,26.4,18,薄曇,晴一時曇
2016/6/2,26,16.3,晴,快晴
2016/6/3,24.2,14.2,晴,晴後薄曇
2016/6/4,27.2,16.3,薄曇,曇時々雨
2016/6/5,23.4,16.4,曇一時雨,晴後曇
2016/6/6,23.9,16.3,曇,曇
2016/6/7,20.9,18.4,曇時々雨,曇時々雨
2016/6/8,27.3,16.5,曇,曇後雨
2016/6/9,23.7,19.6,曇一時雨,曇一時晴
2016/6/10,28.8,19.4,晴,晴
2016/6/11,29.1,17.9,晴後薄曇,曇
2016/6/12,28.3,20.4,曇,曇後大雨
2016/6/13,22.7,18.3,大雨,曇一時雨後時々晴
2016/6/14,26.2,18.4,曇一時晴,曇
2016/6/15,22.2,19.6,曇時々雨,曇
2016/6/16,24.4,19.7,曇時々雨,雨後時々曇
2016/6/17,29.2,19.4,晴時々曇,晴一時曇
2016/6/18,33,21.1,晴,晴一時曇
2016/6/19,29.3,21.4,曇後一時雨,雨時々曇
2016/6/20,28.8,20.4,薄曇,曇
2016/6/21,25.7,21.2,雨時々曇一時晴,曇時々晴
2016/6/22,23.9,21.1,曇一時雨,雨時々曇
2016/6/23,26.9,21.4,雨後晴,曇時々晴
2016/6/24,25.3,20.9,曇後時々雨,曇時々雨
2016/6/25,28.7,21.9,曇一時雨,曇
2016/6/26,30,21.5,薄曇一時晴,晴時々薄曇
2016/6/27,28.9,20.9,晴一時薄曇,曇後雨
2016/6/28,22.8,17.1,雨時々曇,曇一時雨
2016/6/29,24.2,19.1,曇後一時雨,雨時々曇
2016/6/30,27.1,20.1,曇一時雨,曇
2016/7/1,30.6,22,曇一時晴,曇
2016/7/2,31.8,23.4,曇後時々晴,薄曇時々晴
2016/7/3,35.4,24.6,曇一時晴,晴後一時曇
2016/7/4,33.8,23.6,晴後一時雨、雷を伴う,曇時々晴
2016/7/5,25.6,20.2,曇一時雨,曇
2016/7/6,26.9,20.5,曇一時晴,快晴
2016/7/7,36.7,21.9,晴,曇
2016/7/8,29.8,22.1,曇,曇一時雨
2016/7/9,24.9,20.3,雨後時々曇,晴時々曇
2016/7/10,31.3,20.2,薄曇,晴一時薄曇
2016/7/11,33.5,22.3,晴後一時薄曇,曇時々晴
2016/7/12,31.8,24.6,晴時々曇,曇一時晴後時々雨
2016/7/13,27.6,23.5,雨時々曇,曇一時雨
2016/7/14,32.9,21.3,曇時々晴後一時雨、雷を伴う,曇時々雨、雷を伴う
2016/7/15,24,21,雨時々曇,曇
2016/7/16,27.7,20.1,曇,曇
2016/7/17,28.8,23.6,曇一時雨,曇
2016/7/18,33.5,25,晴時々曇,曇時々雨後時々晴
2016/7/19,32.3,23.7,晴一時曇,曇時々雨
2016/7/20,29.9,23.3,曇後晴,曇後雨
2016/7/21,24.3,20.9,雨後一時曇,曇時々雨
2016/7/22,22.7,20.4,雨後時々曇,曇
2016/7/23,27.1,19.8,曇後一時晴,薄曇
2016/7/24,29,19,晴一時曇,曇時々晴
2016/7/25,27.9,21.1,曇,曇
2016/7/26,27.4,21.4,曇時々雨,雨時々曇
2016/7/27,27.3,22.4,曇後一時晴,曇
2016/7/28,31.1,23.3,曇,晴一時曇
2016/7/29,32.4,22.9,晴,快晴
2016/7/30,32.9,22.1,晴,晴
2016/7/31,30.8,24.4,曇時々晴後一時雨,曇時々雨
2016/8/1,31.5,24.6,曇時々晴一時雨、雷を伴う,曇後一時雨、雷を伴う
2016/8/2,29.4,22.5,曇時々雨、雷を伴う,曇時々雨、雷を伴う
2016/8/3,32,23.4,曇一時晴,曇時々雨後晴
2016/8/4,33,24.4,晴,快晴
2016/8/5,33.4,24.6,晴,晴
2016/8/6,34.2,25.8,晴,晴
2016/8/7,33.6,24.5,晴,晴
2016/8/8,33.2,25.3,曇一時晴,薄曇
2016/8/9,37.7,25.7,晴時々薄曇,晴
2016/8/10,34,26,曇時々晴,曇
2016/8/11,32.1,25.2,曇後一時晴,曇一時晴
2016/8/12,31.9,24.2,曇後晴,曇
2016/8/13,31.8,23.3,晴時々曇,曇
2016/8/14,30.4,23.5,曇,曇
2016/8/15,30.8,24.4,曇後一時晴,曇一時雨後晴
2016/8/16,33.1,23.7,曇後時々雨,大雨後時々曇
2016/8/17,34.3,23,晴,曇後時々雨
2016/8/18,31.6,25.2,曇後大雨、雷を伴う,曇時々雨
2016/8/19,32.3,25,晴時々曇,曇時々雨
2016/8/20,30,24.1,大雨時々曇、雷を伴う,曇一時雨
2016/8/21,33.5,23.5,薄曇時々晴,曇時々雨
2016/8/22,28.3,23.2,大雨,曇時々晴一時雨
2016/8/23,30.4,24.2,曇一時雨,曇一時雨後時々晴
2016/8/24,31.2,23.5,曇一時雨,晴一時曇
2016/8/25,32.7,23.5,晴,晴
2016/8/26,32.8,24,晴,晴時々曇
2016/8/27,27,21.6,雨時々曇,雨時々曇
2016/8/28,24.6,21.3,曇時々雨,雨時々曇
2016/8/29,30.1,22.1,曇時々雨後一時晴,大雨
2016/8/30,28.1,22.5,曇時々雨,晴
2016/8/31,31.1,22.5,晴,快晴
2016/9/1,32.5,22,晴後時々薄曇,晴
2016/9/2,29.8,23,晴時々曇,曇一時晴
2016/9/3,32.5,24.6,晴時々曇,曇時々雨
2016/9/4,31.9,24,曇時々雨後晴,晴
2016/9/5,33,24.8,晴後一時曇,曇一時晴
2016/9/6,32.4,25.9,晴時々薄曇,晴後薄曇
2016/9/7,30.3,25.4,曇時々雨後晴,曇時々雨一時晴
2016/9/8,30.4,24.7,曇時々雨,曇一時雨後時々晴
2016/9/9,32.5,22.6,晴時々曇,曇時々晴一時雨
2016/9/10,31.2,23.3,曇時々晴,曇一時晴後時々雨
2016/9/11,25.1,20.8,曇時々雨,曇
2016/9/12,27.7,22.5,曇,曇時々雨
2016/9/13,23.9,21.4,大雨後時々曇,曇時々雨
2016/9/14,26.6,20.6,曇一時雨,曇時々雨
2016/9/15,26.4,22.2,曇時々雨,曇一時晴
2016/9/16,24.4,21.9,曇時々雨,曇
2016/9/17,29.4,21.6,晴後薄曇,曇
2016/9/18,26.9,22.2,曇時々雨,雨時々曇
2016/9/19,22.9,19.2,雨一時曇,大雨
2016/9/20,20.1,17.6,大雨,大雨後曇
2016/9/21,23.2,17.6,曇後一時雨,雨時々曇
2016/9/22,20.9,18.1,大雨,雨一時曇
2016/9/23,22.1,19.4,雨一時曇,曇時々雨
2016/9/24,23.9,20.8,曇後雨,曇
2016/9/25,28.4,20.3,曇後一時晴,曇
2016/9/26,30.1,21.9,曇,曇後一時晴
2016/9/27,29.8,22.8,曇一時晴,薄曇時々晴
2016/9/28,30.6,24,曇後時々雨,曇時々雨
2016/9/29,27.9,21.7,曇時々雨,曇時々雨
2016/9/30,24.7,18.8,曇,曇後時々雨
2016/10/1,21.8,17.6,曇時々雨,曇一時雨
2016/10/2,27.6,18.6,晴,曇一時晴
2016/10/3,26.5,20.1,雨時々曇,薄曇一時雨
2016/10/4,32,19.7,薄曇,曇時々晴
2016/10/5,26.4,21.5,曇時々雨,曇時々雨後一時晴
2016/10/6,31.3,21.4,薄曇,曇時々晴
2016/10/7,24.9,19,晴時々曇,曇
2016/10/8,25.3,18.2,曇時々雨,曇後一時雨
2016/10/9,25.7,18.6,大雨後曇,曇
2016/10/10,19.6,17.4,曇,曇
2016/10/11,20.1,16.2,曇,曇
2016/10/12,23.2,13.7,晴時々薄曇,曇時々晴一時雨
2016/10/13,18.2,15.3,曇,曇
2016/10/14,19.5,12.6,薄曇後時々晴,快晴
2016/10/15,22.7,11.8,快晴,晴
2016/10/16,22.9,12.7,晴時々曇,曇一時雨
2016/10/17,19.5,15.7,雨後曇,曇時々雨
2016/10/18,26.3,16.7,晴時々曇,曇一時晴
2016/10/19,23.9,18.4,曇時々晴,曇時々晴
2016/10/20,27.7,17,快晴,晴
2016/10/21,21.4,15.4,薄曇,曇
2016/10/22,18.3,14.7,曇,曇
2016/10/23,22.3,14.7,曇一時晴,曇後時々晴
2016/10/24,19.1,11.9,晴,快晴
2016/10/25,17.2,10,曇時々晴後時々雨,曇一時雨後一時晴
2016/10/26,25.7,12.6,快晴,曇時々晴一時雨
2016/10/27,23.3,13.2,晴一時曇,晴後時々曇
2016/10/28,14.8,10.1,曇後雨,雨後曇一時晴
2016/10/29,20.8,11.6,曇,曇時々雨
2016/10/30,13.5,9.6,曇,曇
2016/10/31,19.1,9.8,曇時々晴,曇後時々雨
2016/11/1,16.4,11.7,雨後晴時々曇,曇
2016/11/2,12.2,8.6,曇後時々雨,雨時々曇
2016/11/3,19.4,8.4,晴,晴一時曇
2016/11/4,18.8,8.5,晴後一時曇,曇一時晴
2016/11/5,19.5,11.2,晴一時曇,快晴
2016/11/6,20.8,9.9,快晴,晴後曇
2016/11/7,14.4,8.2,晴,快晴
2016/11/8,13.6,6.1,曇一時晴,雨時々曇
2016/11/9,14.6,7.9,晴時々曇,晴後薄曇
2016/11/10,13,7.6,曇,雨一時曇
2016/11/11,12.1,5.7,雨,曇一時雨
2016/11/12,18.8,10,晴一時曇,晴一時薄曇
2016/11/13,18.6,9.1,晴後一時薄曇,曇
2016/11/14,16.7,11.5,曇後時々雨,雨後時々曇
2016/11/15,19.3,12.7,曇,晴時々曇
2016/11/16,14.8,10.7,曇,曇後一時晴
2016/11/17,18.3,7.8,晴一時薄曇,快晴
2016/11/18,15.7,6.1,晴後一時曇,曇一時晴後時々雨
2016/11/19,12,7.9,雨時々曇,晴一時曇
2016/11/20,20.4,8.9,薄曇時々晴,薄曇
2016/11/21,14.7,10.2,曇後時々雨,雨一時曇
2016/11/22,19.3,10.3,晴一時雨,晴時々曇
2016/11/23,14.7,8.5,曇後一時雨,曇時々雨
2016/11/24,8.6,0.9,みぞれ時々雪一時曇,晴一時曇
2016/11/25,10.8,0.3,晴一時薄曇,晴
2016/11/26,13.1,3.2,晴後曇,曇後時々雨
2016/11/27,13.8,8.6,曇後時々雨,雨時々曇
2016/11/28,14,9.4,薄曇時々晴,曇
2016/11/29,14.3,7.5,晴時々曇,快晴
2016/11/30,11.8,4.8,曇一時晴,曇後雨
2016/12/1,16.5,5.9,雨後曇,曇後晴
2016/12/2,15.5,8.7,晴後一時薄曇,晴一時薄曇
2016/12/3,15.9,5.7,晴後時々曇,薄曇一時晴
2016/12/4,16,7.3,薄曇,雨時々曇
2016/12/5,18.3,8.1,薄曇一時晴,薄曇
2016/12/6,17.1,7,快晴,晴後曇
2016/12/7,11.2,4.9,曇時々晴,快晴
2016/12/8,13.9,3,晴後一時薄曇,晴時々曇
2016/12/9,17.4,3.8,快晴,快晴
2016/12/10,12.2,5.6,快晴,曇時々晴
2016/12/11,10.9,3.5,快晴,快晴
2016/12/12,10.5,2.6,薄曇時々晴,曇時々晴
2016/12/13,15.3,3.4,曇一時晴,大雨
2016/12/14,11.3,5.3,雨後曇時々晴,晴
2016/12/15,10.1,3.1,晴後時々曇,晴後一時曇
2016/12/16,9.8,1.5,快晴,快晴
2016/12/17,13.1,0,快晴,快晴
2016/12/18,14.9,3.2,晴,薄曇時々晴
2016/12/19,15.7,4.7,薄曇後晴,薄曇時々晴
2016/12/20,14.5,5.9,曇後晴,快晴
2016/12/21,17,5.2,晴時々薄曇,晴後時々曇
2016/12/22,20.2,6.6,曇時々雨,曇時々雨
2016/12/23,19.6,8.5,晴後一時曇,快晴
2016/12/24,11.9,5.4,快晴,曇時々晴
2016/12/25,10.5,4.5,曇後晴,晴後時々曇
2016/12/26,11,3.8,曇,曇時々晴
2016/12/27,18.8,5.5,曇時々雨,曇時々雨一時晴
2016/12/28,9.4,2,快晴,晴後曇
2016/12/29,8,0.7,曇後晴,快晴
2016/12/30,10.2,2.6,快晴,晴後時々曇
2016/12/31,11.8,1.5,快晴,晴
2017/1/1,13.8,2,快晴,晴時々曇
2017/1/2,13.3,3.8,晴一時曇,快晴
2017/1/3,13.7,3.5,快晴,晴時々曇
2017/1/4,14,3.6,快晴,快晴
2017/1/5,10.4,3.7,快晴,晴
2017/1/6,8.8,1.5,晴一時薄曇,快晴
2017/1/7,8.7,0.1,晴,薄曇一時晴
2017/1/8,6,1.6,曇時々雨,雨
2017/1/9,11.1,3.8,雨後晴,快晴
2017/1/10,12.7,3.5,快晴,快晴
2017/1/11,11,3.9,快晴,快晴
2017/1/12,12.1,0.7,晴,快晴
2017/1/13,12.7,1.4,晴後一時曇,晴
2017/1/14,6.3,-1.3,曇時々晴後一時雪,晴
2017/1/15,4.7,-2.3,晴,快晴
2017/1/16,8,-2,快晴,晴一時曇
2017/1/17,10.9,0.7,快晴,晴
2017/1/18,10.3,1.1,晴後時々薄曇,曇
2017/1/19,10.9,2.4,曇時々晴,曇一時晴
2017/1/20,3.8,2.2,曇時々みぞれ一時雨,曇後時々晴
2017/1/21,11,1.2,快晴,曇時々晴
2017/1/22,12.9,0.9,快晴,快晴
2017/1/23,7.9,0.2,晴一時曇,快晴
2017/1/24,7.7,-1.9,晴,快晴
2017/1/25,9.5,-1.2,快晴,快晴
2017/1/26,10.7,-1.4,快晴,晴時々薄曇
2017/1/27,16,1.4,曇後晴,晴
2017/1/28,13.6,4.6,晴,曇時々晴
2017/1/29,12,4.8,曇後一時晴,曇後時々雨
2017/1/30,19.5,6.7,晴,晴
2017/1/31,10,2.8,快晴,曇一時晴
2017/2/1,10.6,2.2,晴時々曇,快晴
2017/2/2,9.7,0.9,快晴,快晴
2017/2/3,13.7,1,快晴,快晴
2017/2/4,13.4,4.4,快晴,晴時々曇
2017/2/5,9.9,3.4,曇時々雨一時晴,曇一時晴
2017/2/6,15.7,3.3,晴時々曇,快晴
2017/2/7,10,2.2,晴後一時薄曇,晴一時薄曇
2017/2/8,11,1.9,晴後時々薄曇,曇後時々雪
2017/2/9,5.4,1,みぞれ時々雨,雨一時みぞれ後曇
2017/2/10,9.3,1.5,曇時々晴一時雪,晴時々曇
2017/2/11,10.1,-1.6,晴後時々曇,快晴
2017/2/12,11.2,-0.4,快晴,快晴
2017/2/13,11.8,1,晴,晴一時曇
2017/2/14,11.8,2.1,晴後一時曇,快晴
2017/2/15,12.8,1.2,快晴,快晴
2017/2/16,13.7,1.3,快晴,薄曇時々晴
2017/2/17,20.6,4.8,晴,晴後時々薄曇
2017/2/18,10.7,6.4,曇,曇後晴一時雨、みぞれを伴う
2017/2/19,11.5,1.6,晴,晴後一時薄曇
2017/2/20,19.7,1.8,晴後雨一時曇,晴一時雨
2017/2/21,9.9,3.6,晴,晴
2017/2/22,10.6,1.1,曇一時晴,曇後一時雨
2017/2/23,16.3,8.4,雨後曇,曇後一時雨、みぞれを伴う
2017/2/24,11.3,5.2,曇時々晴,曇一時みぞれ
2017/2/25,12.7,3.5,晴一時曇,晴一時薄曇
2017/2/26,14.2,3.3,晴後薄曇,曇時々晴
2017/2/27,9.7,4.3,曇後時々晴,曇
2017/2/28,10.1,3.2,晴一時曇,晴
2017/3/1,11.1,1.4,曇一時晴,雨後時々曇
2017/3/2,8.7,5.4,曇後雨,晴一時雨
2017/3/3,16,3.7,晴後一時曇,晴後時々曇
2017/3/4,14.6,3,薄曇時々晴,晴一時薄曇
2017/3/5,15.9,4.9,晴後薄曇,薄曇後一時晴
2017/3/6,11.5,7.6,曇時々雨,晴時々曇
2017/3/7,10.9,2.3,曇時々晴一時雨,快晴
2017/3/8,11.8,0,晴一時曇,快晴
2017/3/9,13,1.3,快晴,快晴
2017/3/10,14.8,3.2,晴,晴後一時曇
2017/3/11,13.2,4.3,晴,晴
2017/3/12,12.2,3.1,薄曇後一時晴,曇一時雨
2017/3/13,12.8,6,曇,雨時々曇
2017/3/14,11,6.4,雨時々曇,雨時々曇
2017/3/15,7.5,4,曇時々雨,曇後晴
2017/3/16,15.5,1.9,晴後一時曇,晴後一時薄曇
2017/3/17,15.2,3.8,晴後時々曇,曇後晴
2017/3/18,16.2,3.6,晴後薄曇,薄曇後晴
2017/3/19,18.6,5.1,晴後一時曇,晴一時曇
2017/3/20,18.7,7,晴後薄曇,曇後雨
2017/3/21,12.9,6.8,雨,雨一時曇後晴
2017/3/22,15,5.7,快晴,曇時々晴
2017/3/23,15.7,4.3,薄曇,曇一時雨
2017/3/24,13.9,4.6,曇時々晴,晴一時薄曇
2017/3/25,12.7,3.4,薄曇時々晴,曇一時晴後雨
2017/3/26,8.1,4.8,雨,雨
2017/3/27,8.3,2.4,雨後曇一時晴,晴
2017/3/28,14.9,3.2,晴後時々曇一時雨,曇時々晴
2017/3/29,14.7,4.3,薄曇後晴,晴後薄曇
2017/3/30,17.8,6.3,晴後薄曇,薄曇時々晴
2017/3/31,12.3,4.9,曇後時々雨,雨
2017/4/1,8.9,4.6,雨後一時曇,曇時々晴
2017/4/2,14.2,4.6,薄曇時々晴,晴後曇
2017/4/3,16.1,6.4,晴一時曇後一時雨、雷を伴う,晴一時雨、雷を伴う
2017/4/4,17.3,4.5,晴,薄曇時々晴
2017/4/5,20.7,7.7,薄曇,曇後一時晴
2017/4/6,21.2,12.9,曇一時晴,雨一時曇
2017/4/7,21.6,15.5,雨時々曇後晴,晴後曇時々雨
2017/4/8,17.7,12.6,雨時々曇一時霧雨,曇時々雨
2017/4/9,15.2,11.1,雨時々曇,薄曇時々晴
2017/4/10,15.7,6.9,薄曇,曇
2017/4/11,10.7,6.4,大雨,晴時々薄曇一時雨
2017/4/12,21.6,8.3,薄曇時々晴,曇時々雨一時晴
2017/4/13,17.6,6.7,晴後一時曇,晴
2017/4/14,21.5,7.4,快晴,晴後一時薄曇
2017/4/15,24.2,14.2,薄曇時々晴一時雨,晴時々薄曇
2017/4/16,26.1,12,晴後時々薄曇,薄曇一時晴
2017/4/17,26.1,13.8,曇後一時雨,雨
2017/4/18,25.7,14.1,曇一時雨,曇後晴
2017/4/19,26.1,12.7,晴,快晴
2017/4/20,21.1,10.9,晴後薄曇,曇
2017/4/21,19.2,13,曇,曇一時晴
2017/4/22,18.4,9.7,曇後一時雨,雨後曇
2017/4/23,20.3,8.8,晴,曇時々晴
2017/4/24,19.6,10.1,曇後晴,晴一時曇
2017/4/25,21,12,晴一時曇,薄曇
2017/4/26,19.4,13.9,曇,曇後雨
2017/4/27,19.4,12.1,曇一時雨,曇
2017/4/28,21.6,11.5,晴一時曇,晴一時曇
2017/4/29,23.4,10.2,晴時々曇,晴一時雨、雷を伴う
2017/4/30,24.3,10.7,快晴,快晴
2017/5/1,26,13.6,晴後一時雨、雷を伴う,晴一時曇
2017/5/2,23.3,11.3,快晴,晴後薄曇
2017/5/3,22.4,12.3,薄曇,薄曇
2017/5/4,23.3,15,薄曇後晴,晴
2017/5/5,25.6,14.6,晴,晴
2017/5/6,28.2,15.3,薄曇,薄曇一時晴
2017/5/7,24.3,13.8,曇,晴一時雨
2017/5/8,27.8,13.6,晴一時薄曇,薄曇時々晴
2017/5/9,21.9,16.3,薄曇,曇後雨
2017/5/10,17.9,15.1,雨一時曇,曇時々雨後一時晴
2017/5/11,27.4,14.8,晴後曇一時雨,晴一時薄曇
2017/5/12,28.3,17.2,薄曇,曇後時々雨
2017/5/13,20.1,16.1,雨,曇時々雨
2017/5/14,20.4,15.3,曇,曇
2017/5/15,22.6,15.4,曇一時雨,曇一時雨
2017/5/16,23.4,16.4,薄曇,曇
2017/5/17,19.7,14.8,曇,曇一時晴
2017/5/18,23.6,14.5,曇時々晴一時雨、雷を伴う,晴一時曇
2017/5/19,26.3,14.6,晴,快晴
2017/5/20,28.7,15.5,快晴,快晴
2017/5/21,30.9,17.6,晴後一時薄曇,薄曇
2017/5/22,29,18.2,晴時々薄曇,快晴
2017/5/23,27.4,19,晴後一時薄曇,薄曇
2017/5/24,26.2,19.2,曇,雨時々曇
2017/5/25,24,18,雨後曇,曇時々雨
2017/5/26,20.8,17.3,雨後曇,曇後一時雨
2017/5/27,27.3,18,曇時々晴,曇一時晴
2017/5/28,26.7,17.9,晴時々曇,薄曇
2017/5/29,26.9,17,晴一時薄曇,快晴
2017/5/30,29.1,17.2,晴時々薄曇,薄曇一時晴
2017/5/31,27.5,20.7,薄曇,曇後一時雨、雷を伴う
2017/6/1,26.4,19.3,曇時々雨一時晴,曇後一時晴
2017/6/2,29.1,18.3,晴,快晴
2017/6/3,26.6,16,晴一時薄曇,曇時々晴
2017/6/4,26.7,16.7,晴一時曇,晴時々曇
2017/6/5,25.6,15.3,晴後一時雨、雷を伴う,曇時々雨、雷を伴う
2017/6/6,24.2,15.4,曇後一時晴,薄曇一時晴
2017/6/7,22.6,17.9,曇,雨時々曇
2017/6/8,25.8,19.2,曇一時雨後時々晴,曇後一時晴
2017/6/9,28.1,20.6,曇一時晴,曇時々晴
2017/6/10,30.6,20,薄曇時々晴,曇
2017/6/11,25.3,19.1,曇,曇一時雨
2017/6/12,26.3,16.6,曇時々晴,曇時々雨
2017/6/13,19.4,14.8,雨一時曇,雨時々曇
2017/6/14,24.6,15.2,曇一時雨後時々晴,晴後曇
2017/6/15,26,17.4,晴一時曇,快晴
2017/6/16,29,17.5,晴後一時雨,晴一時曇
2017/6/17,27.7,17.9,晴後時々薄曇,薄曇
2017/6/18,22.5,17.7,曇後雨,雨後曇
2017/6/19,30.5,17.3,晴一時曇,晴後曇
2017/6/20,28,16.5,薄曇時々晴,曇後一時雨
2017/6/21,24.4,19.8,大雨,曇一時晴
2017/6/22,27.9,20,薄曇,薄曇時々晴
2017/6/23,30.2,19.1,晴,晴後時々曇
2017/6/24,29,21.9,薄曇一時晴,曇一時晴後雨
2017/6/25,23.9,21.5,雨時々曇,曇
2017/6/26,25.9,20.3,曇一時雨,曇後雨
2017/6/27,25.6,21.3,曇,曇後雨
2017/6/28,25,20.2,雨後曇一時晴,曇時々晴
2017/6/29,29.1,19.9,曇,曇後時々雨
2017/6/30,25.7,22.1,雨時々曇,曇後一時雨
2017/7/1,25.3,22.1,雨時々曇,曇後雨
2017/7/2,32,20.9,曇,曇時々雨
2017/7/3,32.5,24.5,曇,曇
2017/7/4,29.9,23.5,曇,雨後曇時々晴
2017/7/5,31.4,21.6,曇一時晴,曇一時雨
2017/7/6,30.7,23.2,曇時々晴,曇時々晴
2017/7/7,32.3,23,晴,快晴
2017/7/8,33.7,22.8,晴,晴
2017/7/9,32.5,23,晴後一時薄曇,晴
2017/7/10,32.1,23,晴,晴後時々曇
2017/7/11,31.6,24.8,晴一時曇,晴一時曇
2017/7/12,33.1,25.6,晴,晴時々曇
2017/7/13,33.4,26,晴後時々曇,晴一時曇
2017/7/14,32.4,25.4,晴,晴
2017/7/15,33.7,23.6,晴後時々薄曇,薄曇
2017/7/16,34.9,25.1,薄曇,曇後一時雨、雷を伴う
2017/7/17,35,25.3,薄曇一時雨,曇
2017/7/18,32.7,22.7,曇時々晴一時雨、雷を伴う,曇時々晴
2017/7/19,31.1,22.9,晴時々曇,曇時々晴
2017/7/20,32.3,24.9,晴,晴時々曇
2017/7/21,33.7,25.8,晴,晴後一時薄曇
2017/7/22,32.5,25.8,薄曇時々晴,薄曇一時晴
2017/7/23,28.5,26.2,曇時々雨,曇
2017/7/24,32.9,26.7,曇,曇一時晴
2017/7/25,32.7,27,曇、雷を伴う,曇後時々雨
2017/7/26,28.2,23.2,大雨一時曇,曇
2017/7/27,26.7,22.5,曇,曇時々雨
2017/7/28,32.3,22.5,曇時々晴,曇
2017/7/29,33.5,23.7,曇後一時雨、雷を伴う,雨後一時曇、雷を伴う
2017/7/30,29.2,23.3,曇一時雨,曇時々晴
2017/7/31,33,23.2,晴時々曇,晴後曇
2017/8/1,31,22.7,曇時々雨,曇時々雨
2017/8/2,25.4,20.9,曇時々雨,曇時々晴
2017/8/3,28.9,20.2,曇,曇時々雨
2017/8/4,29.2,22,曇,曇一時雨
2017/8/5,31.9,24.6,曇,曇一時晴
2017/8/6,33.5,26.3,曇後晴,晴時々薄曇
2017/8/7,33.2,25.9,曇時々晴,曇時々雨
2017/8/8,33.9,26.9,曇一時雨,曇一時雨後時々晴
2017/8/9,37.1,25.9,晴時々曇一時雨,曇一時雨
2017/8/10,28.4,22.4,曇一時雨,曇後雨
2017/8/11,24.8,21.7,曇時々雨,雨時々曇
2017/8/12,29.3,21,曇時々雨後一時晴,晴後曇
2017/8/13,31.2,23.1,曇一時晴,曇一時雨
2017/8/14,25.2,23.4,曇時々雨,雨時々曇
2017/8/15,26.3,22.4,大雨時々曇,雨時々曇
2017/8/16,22.8,21.1,雨,雨
2017/8/17,28.2,20.9,曇,曇一時晴
2017/8/18,30.2,24,曇,曇一時雨
2017/8/19,30.3,22.4,曇一時雨、雷を伴う,曇時々雨、雷を伴う
2017/8/20,29.3,22.4,曇,曇
2017/8/21,31.5,24.1,曇一時雨後一時晴,曇
2017/8/22,31.9,24.4,曇,晴時々曇
2017/8/23,33.7,24.7,晴後曇,曇一時晴
2017/8/24,34.8,26.4,曇時々晴,晴後薄曇
2017/8/25,34.9,25.8,曇,薄曇
2017/8/26,33.6,26.1,曇後一時雨,曇
2017/8/27,30.6,23.2,曇時々晴,晴時々薄曇
2017/8/28,31.4,22.3,曇後晴,曇時々晴
2017/8/29,32.2,25.2,曇後一時晴,薄曇時々晴
2017/8/30,32.9,24.1,曇時々晴後一時雨,曇
2017/8/31,24.2,20,雨後時々曇,曇
2017/9/1,27.4,17.3,曇後一時雨,雨時々曇
2017/9/2,24.5,16.8,雨一時曇後晴,晴一時曇
2017/9/3,27.2,16.4,晴時々曇,晴後曇
2017/9/4,22.5,18.9,曇時々雨,曇時々雨
2017/9/5,27.3,18.8,曇,雨時々曇
2017/9/6,22.8,19.8,雨時々曇,曇一時雨
2017/9/7,24,20.2,曇時々雨,雨時々曇
2017/9/8,28.2,21,曇後晴,曇時々晴
2017/9/9,29.2,21.5,晴一時曇,晴後曇
2017/9/10,29.9,21.6,晴一時曇,晴後薄曇
2017/9/11,29.8,22.8,曇,雨時々曇
2017/9/12,27,22.7,雨後時々曇、雷を伴う,晴時々曇
2017/9/13,31.2,22.1,晴後薄曇,曇
2017/9/14,31,22.6,曇時々晴,曇一時雨
2017/9/15,28.5,19.9,薄曇,曇
2017/9/16,22.9,18.1,曇時々雨,雨
2017/9/17,20.9,17.9,雨,雨一時曇、雷を伴う
2017/9/18,33.3,20.3,晴,曇時々晴
2017/9/19,28.2,21.3,薄曇時々晴,曇
2017/9/20,25.7,21.4,曇,薄曇後一時晴
2017/9/21,29.5,19.6,晴時々曇,晴時々薄曇
2017/9/22,26.1,19.3,曇後雨,雨
2017/9/23,24,17.7,曇一時雨,曇
2017/9/24,26.3,18,曇一時晴,曇一時晴
2017/9/25,28.9,19.6,晴時々曇,曇時々晴
2017/9/26,28.2,20,晴一時曇,晴後一時薄曇
2017/9/27,26.5,21,曇,大雨一時曇
2017/9/28,24.7,16.2,曇時々雨,曇時々雨
2017/9/29,24.2,16,晴,曇時々晴
2017/9/30,24.2,17.6,曇後一時晴,快晴
2017/10/1,24.9,16.1,晴後曇,曇一時晴
2017/10/2,25.1,19.6,曇,雨時々曇
2017/10/3,27.8,19.3,曇時々晴,曇後一時雨
2017/10/4,21.3,15.4,曇一時雨,曇時々晴
2017/10/5,20.7,14.3,曇後一時晴,曇
2017/10/6,18.6,14,曇後雨,大雨
2017/10/7,22.4,14.8,雨後曇一時晴,晴一時曇
2017/10/8,26.4,17.3,曇時々晴,晴時々曇
2017/10/9,25.3,16.2,晴一時薄曇,晴一時曇
2017/10/10,28.6,18.1,晴,快晴
2017/10/11,23.4,19.7,曇一時晴,曇後一時晴
2017/10/12,29,18.7,晴後時々薄曇,曇時々雨
2017/10/13,19.8,14.5,雨,雨一時曇
2017/10/14,15.4,13.7,雨時々曇,曇一時雨
2017/10/15,16,14.1,雨,雨
2017/10/16,14.3,11.8,雨,雨
2017/10/17,15.6,11.6,雨後曇,晴一時曇
2017/10/18,19.5,11.2,晴後曇,曇後雨
2017/10/19,12.3,9.9,大雨,雨
2017/10/20,17,11.4,雨後時々曇,雨
2017/10/21,17.2,15.2,雨,雨
2017/10/22,18.1,16.8,大雨,大雨
2017/10/23,22.7,15,曇一時雨後晴,薄曇時々晴
2017/10/24,18.2,13.4,曇,曇後時々雨
2017/10/25,14.4,11.2,雨後一時曇,晴一時雨
2017/10/26,20.2,10.3,快晴,快晴
2017/10/27,20.7,9.5,晴,曇一時晴
2017/10/28,16.5,13.4,雨時々曇,雨
2017/10/29,16.3,13.4,大雨、雷を伴う,晴一時雨
2017/10/30,18.9,10.5,快晴,晴後一時曇
2017/10/31,16.9,9.1,曇時々晴,晴時々曇
2017/11/1,19.1,9.8,晴一時曇,晴
2017/11/2,20.8,9.6,薄曇一時晴,曇時々雨
2017/11/3,21.9,12,晴一時曇,曇
2017/11/4,21.8,11.9,晴時々曇後一時雨,晴一時雨
2017/11/5,17.8,10.1,快晴,晴
2017/11/6,19.8,8,快晴,快晴
2017/11/7,21.2,9.3,晴後一時薄曇,薄曇
2017/11/8,18.4,11.5,雨後曇,晴
2017/11/9,18.8,10.5,快晴,晴後時々曇
2017/11/10,17.7,9.1,晴時々曇,晴時々曇
2017/11/11,20.7,11.3,晴時々曇,晴
2017/11/12,16.1,9.2,晴,晴一時曇
2017/11/13,16.5,7.6,曇時々晴,曇一時雨
2017/11/14,15.3,10.3,曇後雨,曇時々晴一時雨
2017/11/15,17,10.2,曇後時々晴,晴一時曇
2017/11/16,16.4,7.9,晴後一時曇,曇一時晴
2017/11/17,13.6,5.5,晴後一時薄曇,曇
2017/11/18,15.1,8.2,雨時々曇,曇後晴
2017/11/19,12.3,4.7,晴一時曇,晴後時々薄曇
2017/11/20,10.4,3.6,曇後時々晴,快晴
2017/11/21,11.9,3.7,快晴,晴
2017/11/22,11.5,3.2,曇後一時雨,雨
2017/11/23,14.5,6.1,雨後晴,晴後曇
2017/11/24,14.8,5.1,晴時々曇後一時雨,快晴
2017/11/25,14.4,3.7,晴後時々薄曇,晴一時薄曇
2017/11/26,18.2,3.5,晴後一時曇,薄曇一時晴
2017/11/27,14.5,7.7,晴後曇,曇
2017/11/28,15,9.9,曇,晴一時曇
2017/11/29,19.2,7.3,晴,曇
2017/11/30,14.3,7.7,曇時々雨,曇時々雨
2017/12/1,10.2,6.7,曇時々雨,晴時々曇
2017/12/2,11.1,4.5,晴,晴時々曇
2017/12/3,12.5,5.2,晴,晴
2017/12/4,12.6,4.6,曇一時晴,曇時々雨後晴
2017/12/5,14.5,4.4,晴,快晴
2017/12/6,11.1,2.8,快晴,晴
2017/12/7,11.5,2.7,晴,晴一時薄曇
2017/12/8,9.5,2.6,曇後一時雨,雨後晴
2017/12/9,10.4,1.2,快晴,晴後一時薄曇
2017/12/10,13.3,1.3,晴一時薄曇,晴後時々曇
2017/12/11,16,5.1,晴一時曇,快晴
2017/12/12,10.3,3.8,晴後一時薄曇,晴一時薄曇
2017/12/13,10.4,2.6,晴,晴一時曇
2017/12/14,10.1,1.6,快晴,薄曇一時晴
2017/12/15,8.3,3,曇後一時晴,薄曇一時晴
2017/12/16,13.3,2.1,晴時々曇,薄曇後晴
2017/12/17,9.3,3.3,晴,晴一時曇
2017/12/18,9.5,-0.2,晴,晴
2017/12/19,12.8,0.3,快晴,晴一時曇
2017/12/20,9.4,2.3,晴,快晴
2017/12/21,10.4,0.7,晴,快晴
2017/12/22,10.9,1.5,晴一時曇,快晴
2017/12/23,13.4,1,晴後時々薄曇,晴時々薄曇
2017/12/24,10.8,4.5,曇後一時晴,雨時々曇
2017/12/25,15,5.4,晴,晴時々曇
2017/12/26,12.6,3.6,晴,快晴
2017/12/27,9.2,1,晴,快晴
2017/12/28,9.8,1.1,快晴,晴一時薄曇
2017/12/29,10.5,2.3,晴,快晴
2017/12/30,11.1,1,快晴,薄曇時々晴
2017/12/31,5.4,2.2,曇一時雪,晴
2018/1/1,13,0.4,晴,晴
2018/1/2,10.8,0.8,快晴,晴
2018/1/3,8.6,2.3,快晴,快晴
2018/1/4,9.6,0,快晴,晴後曇
2018/1/5,6.3,0.8,曇一時雨,晴一時曇
2018/1/6,10.5,-1.4,晴,晴
2018/1/7,11.6,1.2,晴一時薄曇,曇
2018/1/8,9.5,3.2,曇時々雨、みぞれを伴う,雨一時曇
2018/1/9,16,3.3,曇後晴,快晴
2018/1/10,11.1,3.3,快晴,快晴
2018/1/11,10.2,0.8,晴,快晴
2018/1/12,7,-1.6,晴,晴一時曇
2018/1/13,7.3,-0.8,快晴,快晴
2018/1/14,8.4,0.4,快晴,快晴
2018/1/15,12.4,-1.1,晴時々薄曇,晴
2018/1/16,13.7,1.4,晴時々薄曇,晴時々曇
2018/1/17,9.1,4.4,曇後雨,雨後晴
2018/1/18,13.7,3,晴後曇,薄曇時々晴
2018/1/19,11.2,6,晴後曇,曇後一時雨
2018/1/20,10.1,4.3,曇後晴,晴
2018/1/21,12,2.3,晴,薄曇時々晴
2018/1/22,5.3,-0.5,大雪一時曇,大雪後曇
2018/1/23,10,-0.7,快晴,晴一時薄曇
2018/1/24,7.3,-1.8,晴,快晴
2018/1/25,4,-4,快晴,快晴
2018/1/26,5.1,-3.1,晴一時曇,快晴
2018/1/27,7.3,-1.8,快晴,快晴
2018/1/28,5.5,-0.8,曇時々晴一時雪,晴一時薄曇
2018/1/29,9.7,-1.9,晴後一時曇,晴時々曇
2018/1/30,6.6,0.8,晴時々曇,晴
2018/1/31,9.2,-1,晴後薄曇,薄曇一時晴
2018/2/1,6.3,0.6,薄曇後雨,雨後雪
2018/2/2,3.8,0.5,雪後みぞれ時々曇,曇時々雨
2018/2/3,7.8,1.6,薄曇時々晴,曇時々晴
2018/2/4,9.8,1.9,晴時々曇、みぞれを伴う,快晴
2018/2/5,8.1,0.5,晴,快晴
2018/2/6,8.2,-1.6,晴後一時曇,晴一時曇
2018/2/7,9.1,-1.8,快晴,快晴
2018/2/8,9.2,-0.7,晴,快晴
2018/2/9,9.5,-1.4,晴,晴後薄曇
2018/2/10,11.9,0.3,薄曇時々晴,雨時々曇
2018/2/11,14.9,4.2,曇一時晴,晴時々曇
2018/2/12,9.7,-0.7,晴,快晴
2018/2/13,9.7,-1.2,晴後一時曇,快晴
2018/2/14,11,-0.2,晴,晴時々薄曇
2018/2/15,15.1,5.5,薄曇時々晴,薄曇
2018/2/16,10,3.4,曇一時晴,曇
2018/2/17,12.3,0.6,晴一時雨,快晴
2018/2/18,9.8,-1.8,晴,薄曇一時晴
2018/2/19,10.7,1.5,晴時々薄曇,曇後一時晴
2018/2/20,12.4,3.2,晴,薄曇一時晴
2018/2/21,8.6,3.5,曇,曇後雨、みぞれを伴う
2018/2/22,5.7,1.5,みぞれ一時雪、あられを伴う,雨後みぞれ一時曇
2018/2/23,8.1,1.8,みぞれ一時曇後晴,快晴
2018/2/24,14.4,0.5,晴,晴後時々薄曇
2018/2/25,8.9,2.9,曇,曇一時雨
2018/2/26,10.9,3.9,曇後晴,曇一時晴
2018/2/27,12.8,3.9,晴一時曇,快晴
2018/2/28,14.7,3.3,薄曇,曇後大雨
2018/3/1,20.3,6.7,曇一時雨後晴、雷を伴う,快晴
2018/3/2,14.4,5.4,晴,快晴
2018/3/3,16.2,3.2,晴後時々薄曇,薄曇後晴
2018/3/4,21.2,5.8,快晴,晴後曇
2018/3/5,19.9,9.7,曇時々雨,雨後時々曇
2018/3/6,12.5,4.4,曇後晴,晴一時曇
2018/3/7,8.3,2.8,曇,曇時々雨
2018/3/8,9.8,3.6,雨,大雨
2018/3/9,17.5,6.4,雨時々曇,雨時々曇
2018/3/10,11.8,4.4,曇後晴,曇時々晴
2018/3/11,16.1,5.5,曇一時雨後晴,快晴
2018/3/12,15.9,5.2,快晴,晴後一時曇
2018/3/13,17.5,5.3,快晴,快晴
2018/3/14,21.5,7.2,快晴,快晴
2018/3/15,22.1,9,薄曇後一時晴,晴後曇
2018/3/16,17.5,5.7,雨一時曇,雨時々曇後晴
2018/3/17,12.1,3.1,快晴,曇時々晴
2018/3/18,15.8,5.4,曇一時晴,曇後一時晴
2018/3/19,18,8.7,曇,雨
2018/3/20,11.1,6.5,雨後時々曇,曇
2018/3/21,6.6,1.7,雨後みぞれ,大雨
2018/3/22,14.5,4.1,曇時々雨後一時晴,曇
2018/3/23,18.8,7.8,曇時々晴,曇時々雨
2018/3/24,16.8,7.1,薄曇時々晴,晴時々曇
2018/3/25,19.3,6.6,快晴,快晴
2018/3/26,21.8,8.2,薄曇一時晴,晴
2018/3/27,22.1,10.1,薄曇一時晴,晴一時曇
2018/3/28,22.9,11.1,快晴,快晴
2018/3/29,24.2,12.4,快晴,晴一時曇
2018/3/30,18.4,9.6,晴,晴後一時曇
2018/3/31,18.1,8.3,快晴,快晴
2018/4/1,21.9,9.6,晴後薄曇,薄曇後晴
2018/4/2,24.5,12.3,晴後時々薄曇,曇
2018/4/3,23.4,14.3,晴時々薄曇,快晴
2018/4/4,26.2,14.7,晴後一時薄曇,曇時々晴
2018/4/5,15.3,11.6,曇,曇時々雨
2018/4/6,22.4,11.6,曇一時雨,曇時々雨
2018/4/7,21.8,10.2,曇一時晴,曇一時雨後晴
2018/4/8,16.8,7.2,晴,晴
2018/4/9,19.9,5.5,晴一時薄曇,快晴
2018/4/10,19.1,8,晴,晴後薄曇
2018/4/11,21.9,12.4,曇時々晴一時雨,曇時々晴
2018/4/12,25.9,13.9,薄曇一時晴,薄曇後晴
2018/4/13,20.9,11.9,晴,晴一時曇
2018/4/14,18.8,11.4,曇後一時雨,雨時々曇
2018/4/15,22.1,13.5,曇一時雨,曇
2018/4/16,20,11.7,曇時々晴,曇
2018/4/17,15,11,曇一時雨,雨
2018/4/18,16,10.4,雨一時晴,晴後時々曇
2018/4/19,22.2,10.2,晴一時曇,晴
2018/4/20,26.4,12.3,快晴,快晴
2018/4/21,26,12.8,快晴,快晴
2018/4/22,28.3,13.9,晴一時薄曇,晴時々曇
2018/4/23,18.7,15.1,曇,曇
2018/4/24,21.3,15.4,曇後雨,雨一時曇
2018/4/25,22.5,16.6,大雨後薄曇一時晴,曇時々雨一時晴
2018/4/26,25,14.8,晴後薄曇,薄曇
2018/4/27,22,15.1,曇,晴
2018/4/28,26.1,15.2,快晴,快晴
2018/4/29,25.6,14,快晴,快晴
2018/4/30,25.7,16.7,晴時々薄曇,晴一時曇
2018/5/1,28.1,16.7,晴後薄曇,薄曇一時晴
2018/5/2,25.3,17.1,曇後一時雨,雨一時曇
2018/5/3,27.4,16.8,曇一時雨,曇後一時晴
2018/5/4,23.8,13.2,晴,晴
2018/5/5,24.3,11.5,快晴,薄曇時々晴
2018/5/6,26.5,14.4,薄曇時々晴,曇時々雨
2018/5/7,21.6,13.9,曇後雨,雨一時曇
2018/5/8,14.6,11.4,曇後一時雨,大雨
2018/5/9,14.3,10.3,雨後曇,曇一時雨
2018/5/10,15.8,10,曇時々雨後晴、雷を伴う,晴後一時薄曇
2018/5/11,22.4,9,晴時々薄曇,薄曇後晴
2018/5/12,24.6,12.9,薄曇時々晴,薄曇
2018/5/13,21.4,14.6,曇後雨,雨後曇
2018/5/14,28.6,15.2,晴一時曇,快晴
2018/5/15,28.4,14.8,快晴,晴
2018/5/16,29,18.8,薄曇時々晴,薄曇
2018/5/17,28.4,21.4,曇,晴時々曇
2018/5/18,27.1,20,晴時々曇,曇後時々雨
2018/5/19,26.3,15.3,曇時々晴,晴
2018/5/20,22.1,13.1,晴,薄曇
2018/5/21,27.2,13.7,薄曇,薄曇後晴
2018/5/22,27.3,15,快晴,晴後薄曇
2018/5/23,22,17,曇後雨,雨後時々曇
2018/5/24,25.7,16.1,晴時々曇,晴一時曇
2018/5/25,27.1,18.7,薄曇一時晴,薄曇一時晴
2018/5/26,25.2,18,薄曇,曇時々晴
2018/5/27,26.9,16.2,晴一時薄曇,曇
2018/5/28,26,18.8,曇,曇一時晴
2018/5/29,27.6,19.3,曇,曇
2018/5/30,25,17.4,曇後雨,雨後曇
2018/5/31,22,16.5,曇後時々雨,曇後一時晴
2018/6/1,27.5,17.3,晴,晴時々曇一時雨
2018/6/2,27.2,16.9,晴,快晴
2018/6/3,28.6,17.3,晴,薄曇時々晴
2018/6/4,29.1,18.5,晴,晴
2018/6/5,28.3,18.2,曇一時晴,曇時々雨
2018/6/6,22.8,18.3,雨,雨後時々曇
2018/6/7,27.3,18.2,曇後晴,晴時々薄曇
2018/6/8,27.5,19.3,曇時々晴,曇時々雨、雷を伴う
2018/6/9,32,21.2,薄曇一時晴,曇後一時雨
2018/6/10,22,18.6,雨一時曇,大雨
2018/6/11,19.9,18.1,雨,曇一時雨
2018/6/12,26.4,17.8,曇,曇
2018/6/13,27,18.3,曇一時晴,晴時々曇
2018/6/14,25.2,18.6,曇,曇
2018/6/15,20,15.4,雨一時曇,雨一時曇
2018/6/16,18.4,14.2,曇一時雨,曇
2018/6/17,22.5,15.1,曇,曇
2018/6/18,21.2,17.7,曇時々雨,曇時々雨
2018/6/19,28.8,18.2,曇時々晴,曇後雨
2018/6/20,21.7,19.4,雨,雨時々曇
2018/6/21,24.4,19,曇,晴一時曇
2018/6/22,28.1,19.4,薄曇一時晴,薄曇時々晴
2018/6/23,23,17.9,曇後雨,曇時々雨
2018/6/24,27,18.4,雨後薄曇一時晴,薄曇
2018/6/25,32.6,19.7,快晴,晴後曇
2018/6/26,30.1,22.3,晴後薄曇,曇
2018/6/27,31.7,24.9,曇後晴,曇一時晴
2018/6/28,31.9,25.2,曇一時雨,晴
2018/6/29,32.9,25.4,晴,晴
2018/6/30,32.7,25.2,晴後薄曇,晴時々薄曇
2018/7/1,32,25.4,晴,快晴
2018/7/2,33.5,24,快晴,晴
2018/7/3,32.7,25.6,薄曇,薄曇後一時雨
2018/7/4,31.2,25.5,曇一時雨,曇時々雨
2018/7/5,28.7,24.8,雨後一時曇,雨時々曇
2018/7/6,25,19.1,雨後時々曇,雨時々曇
2018/7/7,29.6,19.3,曇,薄曇
2018/7/8,32.2,24.5,薄曇,晴時々薄曇
2018/7/9,31.6,24.2,晴時々曇一時雨,晴時々曇
2018/7/10,32.8,25.4,晴時々薄曇,曇時々晴
2018/7/11,34.2,25.2,薄曇,曇時々雨
2018/7/12,30,23.1,曇一時雨後一時晴,曇
2018/7/13,33.8,25.5,薄曇,晴時々薄曇
2018/7/14,35.4,26.2,晴時々薄曇,晴一時曇
2018/7/15,34.5,26.3,晴,晴後薄曇
2018/7/16,34.4,26.3,薄曇,薄曇
2018/7/17,34.8,26.9,薄曇後一時晴,薄曇時々晴
2018/7/18,35.3,26.7,晴,晴
2018/7/19,34.8,26.6,晴後薄曇,晴一時曇
2018/7/20,34.2,27,晴,快晴
2018/7/21,34.9,26.9,晴後薄曇,薄曇後晴
2018/7/22,35.6,26.6,薄曇時々晴,薄曇
2018/7/23,39,28.5,薄曇後一時晴,晴時々曇
2018/7/24,35.3,26.3,晴一時曇,曇一時雨、雷を伴う
2018/7/25,32.2,25.7,曇,曇
2018/7/26,30.7,24.3,曇時々晴,曇時々晴
2018/7/27,28.5,23.5,晴後曇,曇後雨
2018/7/28,28,20.1,大雨一時曇,雨一時曇
2018/7/29,32.3,25.4,晴時々曇,晴後一時曇
2018/7/30,31.9,25,曇一時晴,曇後晴
2018/7/31,33.8,24.4,晴一時曇,快晴
2018/8/1,35.1,24.8,晴,晴
2018/8/2,37.3,26.7,晴後薄曇,薄曇後晴
2018/8/3,35.4,27.3,晴,晴時々曇、雷を伴う
2018/8/4,34.1,26.1,晴一時薄曇,晴後曇
2018/8/5,34.7,27.2,晴,晴一時曇
2018/8/6,34,25,曇時々晴,曇後雨
2018/8/7,25,20.8,雨一時曇,曇時々雨
2018/8/8,25.1,21.6,雨,雨
2018/8/9,32.1,23.8,曇一時晴,晴
2018/8/10,34.5,27,晴一時薄曇,曇時々晴
2018/8/11,33.6,26,曇時々晴一時雨、雷を伴う,曇後一時雨、雷を伴う
2018/8/12,31.1,25.6,曇,曇一時雨
2018/8/13,34.1,24.6,晴一時雨、雷を伴う,晴時々曇
2018/8/14,34.1,23.9,薄曇時々晴,晴時々薄曇
2018/8/15,33.1,27.2,薄曇,薄曇後晴
2018/8/16,32.3,25.8,薄曇,曇一時雨
2018/8/17,30,21.3,晴,晴後一時薄曇
2018/8/18,27.2,18.3,薄曇一時晴,薄曇後晴
2018/8/19,28.6,19.4,薄曇一時晴,薄曇
2018/8/20,27.6,20.9,曇一時雨,曇
2018/8/21,33.6,23.7,曇後晴,晴一時曇
2018/8/22,34.1,26.9,晴,晴
2018/8/23,33.7,26.2,晴後曇,曇後一時雨
2018/8/24,31.4,26.3,雨後曇,薄曇
2018/8/25,35.6,27.6,晴,晴
2018/8/26,36,26.4,晴,晴
2018/8/27,35.8,24.5,晴後一時曇,曇時々雨、雷を伴う
2018/8/28,30.5,23.5,曇,曇
2018/8/29,29.2,24.1,曇,曇一時雨
2018/8/30,34,25,晴後薄曇,薄曇時々晴
2018/8/31,35.4,25.1,薄曇時々晴一時雨、雷を伴う,曇時々晴一時雨
2018/9/1,31.4,21,曇一時雨,曇時々雨
2018/9/2,23.7,20.7,雨後曇,曇一時雨
2018/9/3,26.1,22,雨後曇一時晴,曇時々晴一時雨
2018/9/4,28.7,22.8,曇時々雨,曇一時雨、雷を伴う
2018/9/5,32,22.5,晴一時曇,曇時々晴
2018/9/6,31.5,24.8,曇一時晴,曇後時々雨
2018/9/7,30.4,24.9,曇一時雨,晴時々薄曇
2018/9/8,33,26.3,晴一時薄曇,曇時々晴
2018/9/9,32.1,26.1,晴一時曇,曇一時晴
2018/9/10,30.6,21.4,曇時々雨,大雨後一時曇
2018/9/11,23.9,19.3,曇,曇一時晴
2018/9/12,24.4,18.1,曇,曇一時雨後時々晴
2018/9/13,27.3,18.5,曇一時晴,雨一時曇
2018/9/14,24.9,19.9,曇一時雨,雨時々曇
2018/9/15,22.2,19.1,雨一時曇,曇
2018/9/16,27.4,20.1,曇後晴,晴後一時曇
2018/9/17,31.2,21.1,曇一時晴後一時雨,雨後曇、雷を伴う
2018/9/18,28.1,20.3,晴時々曇,大雨後曇
2018/9/19,27.4,18.2,晴,曇時々晴
2018/9/20,24,15.4,雨時々曇,雨
2018/9/21,19,15.6,雨,曇一時雨
2018/9/22,25.8,18.7,曇一時雨,曇一時晴
2018/9/23,28.4,21.8,曇一時晴,曇
2018/9/24,28.6,21.2,曇一時雨,曇一時晴
2018/9/25,25.2,18.6,雨時々曇,雨一時曇
2018/9/26,19.9,15.7,曇時々雨,大雨
2018/9/27,17.5,14.7,雨時々曇,晴一時曇
2018/9/28,26,14.1,快晴,晴後時々曇
2018/9/29,21.3,17.2,雨一時曇,雨一時曇
2018/9/30,27,16.9,雨時々曇,曇時々暴風雨
2018/10/1,32.3,20.4,晴一時薄曇,快晴
2018/10/2,26.9,17.5,晴,晴時々曇
2018/10/3,23.3,18.1,曇,曇
2018/10/4,21.4,18.7,曇時々雨,曇時々雨
2018/10/5,20.1,17.8,雨,雨後曇
2018/10/6,29.3,18.4,晴一時曇,晴一時曇
2018/10/7,32.3,23.9,晴,曇一時晴
2018/10/8,24.1,18.7,曇後一時晴,晴一時曇
2018/10/9,26.4,17.9,晴一時曇,晴後一時曇
2018/10/10,26.4,18.7,薄曇時々晴,曇時々雨、雷を伴う
2018/10/11,23.7,19.7,曇,曇一時雨
2018/10/12,22.5,18.4,曇一時雨,曇
2018/10/13,18.5,15.6,曇,曇後雨
2018/10/14,19.6,13.2,曇一時雨,曇一時晴
2018/10/15,21.1,16.2,曇後一時雨,曇時々雨後一時晴
2018/10/16,21.2,15.5,薄曇,曇後雨
2018/10/17,22.3,14.9,曇時々晴,曇時々晴
2018/10/18,21.7,13.7,晴時々曇,晴後曇一時雨
2018/10/19,20.1,14.3,曇時々雨,晴時々曇
2018/10/20,22,13,晴一時曇後一時雨、雷を伴う,曇一時雨後晴、雷を伴う
2018/10/21,21.6,12.8,快晴,快晴
2018/10/22,21.6,11.6,晴,曇一時晴
2018/10/23,16,12.6,曇時々雨,曇時々雨一時晴
2018/10/24,22.7,13.7,曇後晴,晴一時曇
2018/10/25,22.4,14,晴,晴後曇
2018/10/26,21.6,14.8,曇時々晴,曇後雨
2018/10/27,24.4,15.9,曇一時雨後晴,晴時々曇
2018/10/28,21.1,13.9,曇後晴,晴
2018/10/29,22.2,12.2,快晴,快晴
2018/10/30,22.9,11.8,晴,晴後薄曇
2018/10/31,19.9,11.9,薄曇時々晴,薄曇後晴
2018/11/1,19.5,11.5,晴,晴
2018/11/2,18.8,10.1,快晴,晴
2018/11/3,20.2,10.6,晴後一時曇,晴後曇
2018/11/4,16.4,13,曇後雨,曇時々雨
2018/11/5,21.9,14.5,曇時々晴一時雨,曇一時雨
2018/11/6,21.1,16.2,曇後大雨,雨時々曇
2018/11/7,20,13.8,晴一時曇,晴時々曇
2018/11/8,20.7,13.1,晴後一時曇,曇後雨
2018/11/9,17.3,14.2,雨時々曇,曇一時雨
2018/11/10,22.8,15,晴後一時曇,曇一時雨
2018/11/11,20.1,13.5,晴,晴時々曇
2018/11/12,19,12.8,曇一時雨,曇後一時雨
2018/11/13,16.6,12.6,曇,曇時々雨
2018/11/14,16.7,10.1,晴,快晴
2018/11/15,17,8.7,快晴,快晴
2018/11/16,17.2,8.1,晴後曇,曇
2018/11/17,19.5,11.1,晴時々薄曇,曇時々晴
2018/11/18,17.2,10.8,曇,曇一時雨
2018/11/19,16.3,10.8,曇後一時雨,雨後一時曇
2018/11/20,15.3,8.2,晴時々曇,晴一時曇
2018/11/21,16.3,5.8,晴一時薄曇,曇時々雨
2018/11/22,13.5,7.9,曇後一時晴,晴
2018/11/23,15.3,6.6,晴,曇一時晴
2018/11/24,12.1,7.5,曇後一時晴,晴時々曇
2018/11/25,14.5,6.5,晴後薄曇,薄曇時々晴
2018/11/26,17.7,7.1,薄曇一時晴,曇
2018/11/27,17.9,11.5,曇後晴,晴
2018/11/28,18.1,8.9,晴後曇,曇時々雨後一時晴
2018/11/29,15.3,10.8,曇一時晴,曇後晴
2018/11/30,16,8.1,晴後一時曇,曇時々晴
2018/12/1,17.2,7.7,晴一時薄曇,薄曇
2018/12/2,11.6,7.7,曇,曇一時雨
2018/12/3,17,9.7,曇,曇一時晴
2018/12/4,23.4,12.3,曇後晴,曇時々晴一時雨
2018/12/5,20.2,13.1,曇一時晴,曇一時雨
2018/12/6,13.2,8.3,雨後曇,曇一時雨
2018/12/7,16.4,9,曇,薄曇
2018/12/8,12.2,6.3,曇後晴,晴後薄曇
2018/12/9,10.5,5.5,薄曇後晴,曇一時晴
2018/12/10,8.4,4.1,曇後晴,快晴
2018/12/11,7.3,1.4,曇一時雨,雨
2018/12/12,10.8,3.2,雨後曇,晴
2018/12/13,9.6,4.2,曇時々雨,晴
2018/12/14,10.3,2.5,晴,晴時々曇
2018/12/15,9.5,2.6,快晴,快晴
2018/12/16,5.8,0.4,曇一時晴後一時雨,曇一時晴後一時雨
2018/12/17,11.5,3,雨一時曇後晴,晴
2018/12/18,12.8,5.1,晴,快晴
2018/12/19,12.7,3.7,晴,晴後一時薄曇
2018/12/20,14.1,4.2,薄曇時々晴,晴一時薄曇
2018/12/21,13.7,3.9,晴,曇時々晴
2018/12/22,11,6.5,晴一時曇後雨,曇一時晴
2018/12/23,12.6,7.5,曇時々雨一時晴,晴一時曇
2018/12/24,11.3,4.3,晴,晴後曇
2018/12/25,9.4,2.6,薄曇時々晴,晴時々薄曇
2018/12/26,11.7,1.2,薄曇後一時晴,曇後時々晴
2018/12/27,13.2,4.9,薄曇後晴,晴
2018/12/28,8.4,1.8,晴,快晴
2018/12/29,9.8,-0.7,晴,快晴
2018/12/30,10.1,0.1,快晴,晴
2018/12/31,8.9,0.8,晴一時薄曇,晴
2019/1/1,10.7,0.9,晴,快晴
2019/1/2,10.9,2.2,快晴,快晴
2019/1/3,10.9,-0.3,快晴,快晴
2019/1/4,9.8,0.2,快晴,晴
2019/1/5,14,0.9,快晴,晴後一時曇
2019/1/6,8,2.4,晴後曇,晴一時曇
2019/1/7,10.6,0.4,快晴,晴一時薄曇
2019/1/8,9.8,0.7,晴一時薄曇,薄曇後晴
2019/1/9,8,1,快晴,快晴
2019/1/10,5.2,-1.2,曇時々晴,快晴
2019/1/11,12.2,-0.2,晴,晴後曇
2019/1/12,6.2,2.7,曇一時雪,雨
2019/1/13,10.1,3.9,晴一時曇,晴
2019/1/14,9.8,1.3,快晴,快晴
2019/1/15,10.5,0.4,曇時々晴後一時雨,晴時々曇
2019/1/16,11.3,1.8,晴後曇,曇時々晴
2019/1/17,11.6,2,晴,快晴
2019/1/18,10,2.8,快晴,快晴
2019/1/19,11.7,1.9,晴,晴後一時曇
2019/1/20,12,1.8,晴一時曇,快晴
2019/1/21,10.5,2.5,快晴,快晴
2019/1/22,10.6,-0.2,晴,晴後曇
2019/1/23,11.2,1.7,晴,快晴
2019/1/24,10.2,3.4,快晴,晴
2019/1/25,10,2.8,晴後曇,曇後時々晴
2019/1/26,9.9,1.5,晴後一時曇,快晴
2019/1/27,9.7,1.1,快晴,晴後一時曇
2019/1/28,13.2,0,曇後晴,快晴
2019/1/29,9.9,3,快晴,快晴
2019/1/30,10,0.2,晴一時薄曇,晴時々薄曇
2019/1/31,11.2,1.7,曇後一時雨,雨一時みぞれ後晴、雷を伴う
2019/2/1,8.3,1.3,快晴,快晴
2019/2/2,12.6,-0.9,快晴,晴一時薄曇
2019/2/3,13.4,3,晴,晴後時々曇
2019/2/4,19.4,6.7,晴,晴後曇
2019/2/5,8.8,5.3,曇,曇時々晴
2019/2/6,7.7,3.9,雨後一時晴,快晴
2019/2/7,16.5,3.9,薄曇一時晴,薄曇後晴
2019/2/8,10.6,3.3,晴後曇,曇一時雪
2019/2/9,3.5,-0.5,雪後一時曇,みぞれ一時雪後薄曇
2019/2/10,7.9,-1.2,晴後薄曇,曇後一時雪
2019/2/11,4.6,0.4,雪後曇,曇後晴
2019/2/12,11.1,0.9,晴後曇,曇一時晴
2019/2/13,8.6,3.3,曇後一時晴,曇後一時晴
2019/2/14,8.5,1.8,薄曇時々晴,晴時々曇
2019/2/15,5.3,0,曇一時雪後一時晴,曇
2019/2/16,13.9,2,曇時々晴,晴時々曇
2019/2/17,11.8,3.4,晴一時曇,快晴
2019/2/18,14.6,2,晴,曇一時晴
2019/2/19,12.8,6.1,曇時々雨,雨後曇
2019/2/20,19.5,5.4,晴一時曇,雨時々曇後晴
2019/2/21,14.8,7.3,晴時々曇,晴時々曇
2019/2/22,13.7,4.1,薄曇一時晴,曇
2019/2/23,14.7,5.6,晴一時曇,晴後一時薄曇
2019/2/24,13.6,2.3,薄曇時々晴,曇時々晴
2019/2/25,17.1,6.6,曇後一時晴,曇
2019/2/26,12.5,7.8,曇一時雨後晴,晴時々曇
2019/2/27,10.6,4,曇一時晴,雨後曇
2019/2/28,7.6,5.1,雨,雨一時曇
2019/3/1,13.1,6.5,曇時々雨後晴,晴時々曇
2019/3/2,14.7,6.4,晴,曇一時晴
2019/3/3,10.4,4.4,雨一時曇,雨
2019/3/4,9.5,5.4,雨,雨後一時曇
2019/3/5,15.8,4.3,晴,曇時々雨
2019/3/6,14.2,8,曇,雨一時曇
2019/3/7,10.3,4.3,雨,晴一時雨
2019/3/8,12.5,3.9,快晴,快晴
2019/3/9,16.9,2.3,晴後一時薄曇,晴後薄曇
2019/3/10,16.4,6.9,薄曇一時晴,大雨
2019/3/11,17.8,9.4,曇一時雨後晴,快晴
2019/3/12,17.1,8.3,晴,晴
2019/3/13,19.1,5.6,晴,快晴
2019/3/14,14.3,3.3,晴,晴一時薄曇
2019/3/15,15,4.1,晴後一時薄曇,曇後晴
2019/3/16,13.9,6.4,曇後一時晴,晴一時曇
2019/3/17,15.3,3.5,晴後曇,晴
2019/3/18,14.5,4.1,晴後一時薄曇,薄曇
2019/3/19,19.2,6.3,曇,薄曇後晴
2019/3/20,21.5,8.5,晴後一時薄曇,曇一時晴
2019/3/21,22.3,13.9,曇時々雨後晴,薄曇時々晴
2019/3/22,23.9,8.7,曇一時晴,曇時々雨、あられを伴う
2019/3/23,9,4.4,曇時々雨,晴時々曇
2019/3/24,15.4,1.1,晴,晴
2019/3/25,15,3.9,薄曇時々晴,曇
2019/3/26,15.9,9.7,曇一時雨後晴,快晴
2019/3/27,19.7,7.3,晴,晴
2019/3/28,16.9,9,曇一時雨,曇
2019/3/29,9.3,6.8,曇,曇
2019/3/30,11.7,7.2,曇,雨時々曇
2019/3/31,16.3,7.3,曇後晴,晴
2019/4/1,16.2,4.2,晴後曇,雨一時曇後晴
2019/4/2,13.1,2.3,晴後曇,晴
2019/4/3,14.1,2.7,快晴,晴後一時薄曇
2019/4/4,16.7,3.4,快晴,晴後一時薄曇
2019/4/5,22.5,6.7,薄曇後晴,晴一時薄曇
2019/4/6,21.6,11,晴,晴
2019/4/7,21.6,10.4,晴一時曇,晴後曇一時雨
2019/4/8,14.8,5.9,雨時々曇,雨一時曇後晴、雷を伴う
2019/4/9,16.9,4.3,快晴,曇時々晴後一時雨
2019/4/10,10.2,3.6,雨,雨後一時晴
2019/4/11,16.7,4.4,晴後曇,曇
2019/4/12,12.6,7.5,曇,曇後晴
2019/4/13,18.2,5.5,晴後一時薄曇,薄曇一時晴
2019/4/14,18.3,9.7,曇,雨時々曇
2019/4/15,22.7,11.6,晴一時曇,快晴
2019/4/16,21,10.1,晴,薄曇時々晴
2019/4/17,19.5,11,薄曇,曇
2019/4/18,23.5,13.4,晴後一時薄曇,晴後薄曇
2019/4/19,23.6,14.3,薄曇,曇一時雨後晴
2019/4/20,19.1,9.8,晴,曇時々晴
2019/4/21,23.1,12.2,晴時々曇,曇
2019/4/22,25.6,14.4,曇後晴,曇
2019/4/23,23.3,15.3,薄曇,曇
2019/4/24,20.6,17.5,曇時々雨,雨
2019/4/25,24.3,18.1,曇時々雨後一時晴,曇時々晴後雨
2019/4/26,20,9.5,雨後曇,雨一時曇
2019/4/27,13.2,8,曇後一時雨,晴
2019/4/28,18.7,6,薄曇一時晴,曇時々晴
2019/4/29,19.8,10.5,曇,雨時々曇
2019/4/30,17.4,12.8,雨一時曇,雨
2019/5/1,23.4,14.3,曇後雨,雨後晴一時曇
2019/5/2,23.9,13.8,雨時々曇後晴,晴後一時薄曇
2019/5/3,25,11,薄曇,薄曇後一時晴
2019/5/4,24.8,14.1,晴一時曇、雷を伴う,晴時々薄曇
2019/5/5,25.2,12.5,薄曇時々晴,晴後一時雨
2019/5/6,22.1,15.1,曇,曇一時晴後一時雨
2019/5/7,20.9,10.8,晴時々曇後一時雨,晴
2019/5/8,22.7,7.9,快晴,薄曇
2019/5/9,22.7,14.3,曇,晴
2019/5/10,27.1,13.9,晴後薄曇,薄曇一時晴
2019/5/11,27.8,15.3,晴一時薄曇,晴後一時曇
2019/5/12,22.2,14.5,薄曇,曇
2019/5/13,22.6,13.3,曇時々晴,曇
2019/5/14,19.3,16.1,雨時々曇,曇時々雨
2019/5/15,23.8,15.7,晴時々曇,晴時々薄曇
2019/5/16,24.6,16,晴一時曇,晴
2019/5/17,25.9,15.3,晴,晴後一時薄曇
2019/5/18,25.6,15.6,薄曇一時晴,曇
2019/5/19,25.2,17.5,晴時々曇,晴時々薄曇
2019/5/20,25,16.5,曇時々晴,雨時々曇
2019/5/21,21.9,16.3,大雨,曇一時晴
2019/5/22,25.2,14.1,薄曇時々晴,薄曇時々晴
2019/5/23,27,15.2,晴,晴
2019/5/24,31,16.4,快晴,快晴
2019/5/25,31.9,17,快晴,快晴
2019/5/26,32.6,18.6,薄曇時々晴,晴一時薄曇
2019/5/27,32.4,19.9,晴時々薄曇,薄曇
2019/5/28,28.1,19.1,曇後一時雨,雨時々曇
2019/5/29,25.1,16.8,曇一時雨,曇時々雨後一時晴
2019/5/30,26,16.6,晴後一時薄曇,薄曇
2019/5/31,24.2,19.5,曇,曇後一時晴
2019/6/1,25.7,18.6,曇,薄曇
2019/6/2,25,19,曇,曇後一時雨
2019/6/3,27,18.7,曇一時雨後晴,晴時々薄曇
2019/6/4,27.7,17.6,薄曇,薄曇
2019/6/5,25.8,20,曇後一時晴,晴後一時薄曇
2019/6/6,32.3,18.7,晴時々薄曇,曇
2019/6/7,23.4,19,雨一時曇,曇一時雨
2019/6/8,25.4,18.7,曇,曇一時晴後雨
2019/6/9,20.7,15.9,曇時々雨,雨
2019/6/10,17.4,14.9,大雨,雨時々曇
2019/6/11,23.6,15,曇一時晴,曇時々雨
2019/6/12,21.5,14.5,曇,晴
2019/6/13,26.4,13.9,晴,快晴
2019/6/14,26.8,17.7,曇,雨一時曇
2019/6/15,20.9,16.2,大雨,曇時々雨一時晴、雷を伴う
2019/6/16,30.7,16.9,晴,晴
2019/6/17,28.7,17.4,晴後薄曇,晴時々曇
2019/6/18,27.7,20,晴後薄曇,晴時々薄曇
2019/6/19,28.6,18.8,晴一時曇,曇一時晴
2019/6/20,29.1,21.1,曇後晴,曇
2019/6/21,29.5,22.3,曇,晴時々曇
2019/6/22,25.3,20.6,雨一時曇,曇一時雨
2019/6/23,24,19.6,曇,曇後雨
2019/6/24,21,17.8,雨後一時曇,曇一時晴
2019/6/25,27.3,17.2,曇後晴,晴
2019/6/26,28.9,20.4,晴後時々薄曇,薄曇後時々晴
2019/6/27,28.7,22.8,曇後一時雨,雨後一時曇
2019/6/28,30.7,21.4,曇,雨時々曇
2019/6/29,21.5,19,雨後曇,雨
2019/6/30,23.6,20.3,雨時々曇,曇一時雨
2019/7/1,24.3,21,雨時々曇,曇時々雨
2019/7/2,28.1,21.5,曇一時雨,曇
2019/7/3,29.1,22.2,曇,雨時々曇
2019/7/4,25.2,19.9,雨後一時曇,曇時々晴
2019/7/5,24.5,19,曇,雨一時曇
2019/7/6,23.7,19.2,曇一時雨,雨一時曇
2019/7/7,20.8,17.9,雨,雨後曇
2019/7/8,24.8,17.7,曇,曇
2019/7/9,21.8,18.5,曇,曇
2019/7/10,24.8,18.5,曇後一時晴,曇一時晴
2019/7/11,23.6,17.9,曇後雨,雨
2019/7/12,21.9,18.2,雨後一時曇,曇
2019/7/13,27.3,20,曇一時雨,雨
2019/7/14,22.5,20.2,雨一時曇,曇後雨
2019/7/15,25,19.4,雨後曇,雨時々曇
2019/7/16,22.1,19,雨後一時曇,曇時々雨
2019/7/17,28.7,20.3,曇後晴,曇時々晴
2019/7/18,29.7,22.2,曇,雨一時曇
2019/7/19,31.4,23,曇一時雨,曇時々雨
2019/7/20,29.5,24.4,曇時々雨,雨時々曇
2019/7/21,28.2,22.7,曇一時雨,曇後時々雨
2019/7/22,24,21.6,曇一時雨,雨時々曇
2019/7/23,29.3,22.4,曇時々雨,曇時々雨
2019/7/24,31.6,23.7,曇一時雨後晴,曇時々晴
2019/7/25,32.4,24.4,晴一時雨,晴
2019/7/26,33.1,25.6,晴,曇時々雨
2019/7/27,31.4,25.1,晴一時曇,曇後雨
2019/7/28,32.3,25,晴時々曇一時雨,晴時々薄曇
2019/7/29,33.7,25.3,晴一時曇,曇時々晴
2019/7/30,33.6,26,晴後一時薄曇,晴一時薄曇
2019/7/31,34.6,26.5,晴後薄曇,晴時々薄曇
2019/8/1,35,26.3,晴,晴